{
  "name": "Sniper Elite 4",
  "id": "CUSA04099",
  "version": "01.15",
  "process": "eboot.bin",
  "mods": [
    {
      "name": "Godmode",
      "hint": null,
      "type": "checkbox",
      "memory": [
        {
          "offset": "58C027",
          "on": "909090909090",
          "off": "C4C17A114648"
        }
      ]
    },
    {
      "name": "Infinite Stamina",
      "hint": null,
      "type": "checkbox",
      "memory": [
        {
          "offset": "DA5960",
          "on": "909090909090",
          "off": "C4C17A115710"
        }
      ]
    },
    {
      "name": "Infinite Focus",
      "hint": null,
      "type": "checkbox",
      "memory": [
        {
          "offset": "DA5622",
          "on": "909090909090",
          "off": "C4C17A114710"
        }
      ]
    },
    {
      "name": "Infinite Ammo/Throwables/Medkits",
      "hint": null,
      "type": "checkbox",
      "memory": [
        {
          "offset": "C71C31",
          "on": "90909090",
          "off": "44894020"
        }
      ]
    },
    {
      "name": "No Reload",
      "hint": null,
      "type": "checkbox",
      "memory": [
        {
          "offset": "C9AC8E",
          "on": "90909090",
          "off": "89749F20"
        }
      ]
    }
  ],
  "credits": [
    "Rizla"
  ]
}