{
  "name": "RESIDENT EVIL UMBRELLA CORPS",
  "id": "CUSA03498",
  "version": "01.06",
  "process": "eboot.bin",
  "mods": [
    {
      "name": "Infinite Ammo (No reload)",
      "type": "checkbox",
      "memory": [
        {
          "section": "46",
          "offset": "1D8666",
          "on": "90909090909090",
          "off": "418986F0000000"
        }
      ]
    },
    {
      "name": "Stupid Zombies",
      "type": "checkbox",
      "memory": [
        {
          "offset": "119EA50",
          "on": "F3450F10BF8C000000F3450F11BF88000000E9462B107F",
          "off": "0000000000000000000000000000000000000000000000"
        },
        {
          "offset": "802A15A4",
          "on": "E9A7D4EF8090909090",
          "off": "F3450F11BF88000000"
        }
      ]
    },
    {
      "name": "9,999,999 Total Points on Gain",
      "type": "checkbox",
      "memory": [
        {
          "offset": "11A5460",
          "on": "C780D80000007F969800E99325177F",
          "off": "000000000000000000000000000000"
        },
        {
          "offset": "803179FC",
          "on": "E95FDAE88090",
          "off": "8988D8000000"
        }
      ]
    },
    {
      "name": "9,999,999 Player Points on Gain",
      "type": "checkbox",
      "memory": [
        {
          "offset": "11AB800",
          "on": "4401F9C7007F969800E950C1167F",
          "off": "0000000000000000000000000000"
        },
        {
          "offset": "80317959",
          "on": "E9A23EE980",
          "off": "4103CF8908"
        }
      ]
    }
  ],
  "credits": [
    "TylerMods"
  ]
}