{
  "name": "WATCH_DOGS® 2",
  "id": "CUSA04294",
  "version": "01.05",
  "process": "eboot.bin",
  "mods": [
    {
      "name": "Infinite Money (Duplicate x2)",
      "type": "checkbox",
      "memory": [
        {
          "offset": "184BFBF",
          "on": "48014818",
          "off": "48894818"
        }
      ]
    },
    {
      "name": "Infinite Ammo",
      "type": "checkbox",
      "memory": [
        {
          "offset": "132A10A",
          "on": "909090",
          "off": "894110"
        }
      ]
    },
    {
      "name": "Infinite Botnet",
      "type": "checkbox",
      "memory": [
        {
          "offset": "E3BE3C",
          "on": "9090909090",
          "off": "C5FA114774"
        }
      ]
    }
  ],
  "credits": [
    "TLH"
  ]
}