{
  "name": "DEAD OR ALIVE Xtreme 3 Fortune",
  "id": "CUSA04555",
  "version": "01.19",
  "process": "eboot.bin",
  "mods": [
    {
      "name": "Max Girl and Owner Money on Spend",
      "type": "checkbox",
      "memory": [
        {
          "offset": "897800",
          "on": "0F84E29FB6FFBAFFF0E505895158E9DB9FB6FF",
          "off": "00000000000000000000000000000000000000"
        },
        {
          "offset": "4017E9",
          "on": "E912604900",
          "off": "74038B5158"
        }
      ]
    },
    {
      "name": "Max Satisfaction Rate All Girl on Gift Accept",
      "type": "checkbox",
      "memory": [
        {
          "offset": "897800",
          "on": "41C7442428E8030000418B442428E97CEEAFFF",
          "off": "00000000000000000000000000000000000000"
        },
        {
          "offset": "39668A",
          "on": "E971115000",
          "off": "418B442428"
        }
      ]
    },
    {
      "name": "Max Owner Level 110 on a Mission Complete",
      "type": "checkbox",
      "memory": [
        {
          "offset": "897800",
          "on": "41C7451CFFFF0F00418B4D1CE96280B4FF",
          "off": "0000000000000000000000000000000000"
        },
        {
          "offset": "3DF86B",
          "on": "E9907F4B00909090",
          "off": "418B4D1C4883F86D"
        }
      ]
    }
  ],
  "credits": [
    "dbzgts"
  ]
}