{
  "name": "Devil May Cry 4 Special Edition",
  "id": "CUSA01708",
  "version": "01.00",
  "process": "eboot.bin",
  "mods": [
    {
      "name": "Godmode",
      "hint": null,
      "type": "checkbox",
      "memory": [
        {
          "offset": "12E7232",
          "on": "C5FA104340C5FA5CD983BB9C000000030F85A4EA3AFFE9A4EA3AFF",
          "off": "000000000000000000000000000000000000000000000000000000"
        },
        {
          "offset": "695CE3",
          "on": "E94A15C500",
          "off": "C5FA104340C5FA5CD9"
        }
      ]
    },
    {
      "name": "Infinite Nero Blade Trigger",
      "hint": "Fill the trigger first then activate.",
      "type": "checkbox",
      "memory": [
        {
          "offset": "9E050A",
          "on": "909090909090",
          "off": "8983100D0100"
        }
      ]
    },
    {
      "name": "Infinite Vergil Devil Trigger",
      "hint": "Fill the trigger first then activate.",
      "type": "checkbox",
      "memory": [
        {
          "offset": "9977D4",
          "on": "9090909090909090",
          "off": "C5FA1083682A0000"
        },
        {
          "offset": "9976DD",
          "on": "9090909090909090",
          "off": "C5FA118B642A0000"
        }
      ]
    },
    {
      "name": "Infinite Devilstar Item",
      "hint": "Use the item to activate.",
      "type": "checkbox",
      "memory": [
        {
          "offset": "61FC55",
          "on": "BA0A00000090",
          "off": "83FB0A0F4ED3"
        }
      ]
    },
    {
      "name": "Infinite Red Orbs",
      "hint": null,
      "type": "checkbox",
      "memory": [
        {
          "offset": "603BE4",
          "on": "B8000F243F90",
          "off": "8B8384010000"
        }
      ]
    },
    {
      "name": "Infinite Blue Orbs/Rose",
      "hint": null,
      "type": "checkbox",
      "memory": [
        {
          "offset": "62004C",
          "on": "B8000F243F",
          "off": "3D3F420F00"
        },
        {
          "offset": "620078",
          "on": "B8000F243F",
          "off": "3D3F420F00"
        }
      ]
    }
  ],
  "credits": [
    "Weysincha"
  ]
}