{
  "name": "Grand Theft Auto V",
  "id": "CUSA00419",
  "version": "01.33",
  "process": "eboot.bin",
  "mods": [
    {
      "name": "Invincible [On]",
      "type": "checkbox",
      "memory": [
        {
          "offset": "02E55140",
          "on": "41C78658010000FC094000C4C1782E8650020000E9F84AE2FD",
          "off": "00000000000000000000000000000000000000000000000000"
        },
        {
          "offset": "C79C48",
          "on": "E9F3B41D0290909090",
          "off": "C4C1782E8650020000"
        }
      ]
    },
    {
      "name": "Invincible [Off]",
      "type": "checkbox",
      "memory": [
        {
          "offset": "02E55140",
          "on": "41C786580100000C004000C4C1782E8650020000E9F84AE2FD",
          "off": "00000000000000000000000000000000000000000000000000"
        },
        {
          "offset": "C79C48",
          "on": "E9F3B41D0290909090",
          "off": "C4C1782E8650020000"
        }
      ]
    },
    {
      "name": "Full Player Health",
      "type": "checkbox",
      "memory": [
        {
          "offset": "02E55159",
          "on": "C5FA108054020000C5FA118050020000E9B764C3FD",
          "off": "000000000000000000000000000000000000000000"
        },
        {
          "offset": "A8B61D",
          "on": "E9379B3C02909090",
          "off": "C5FA108050020000"
        }
      ]
    },
    {
      "name": "Full Player Armor",
      "type": "checkbox",
      "memory": [
        {
          "offset": "14409C",
          "on": "C5FA11B764140000",
          "off": "C5FA108764140000"
        }
      ]
    },
    {
      "name": "Full Player Special Ability",
      "type": "checkbox",
      "memory": [
        {
          "offset": "02E5516E",
          "on": "C5FA104B3CC5FA114B34E9B28C96FD",
          "off": "000000000000000000000000000000"
        },
        {
          "offset": "7BDE2A",
          "on": "E93F736902",
          "off": "C5FA104B34"
        }
      ]
    },
    {
      "name": "Full Player Oxygen",
      "type": "checkbox",
      "memory": [
        {
          "offset": "02E5517D",
          "on": "C4C17A104610C4C17A114604E9349892FD",
          "off": "0000000000000000000000000000000000"
        },
        {
          "offset": "77E9BC",
          "on": "E9BC676D0290",
          "off": "C4C17A104604"
        }
      ]
    },
    {
      "name": "Infinite Player Stamina",
      "type": "checkbox",
      "memory": [
        {
          "offset": "02E5518E",
          "on": "C5FA108B840C0000C5FA118B800C0000E9CFDA96FD",
          "off": "000000000000000000000000000000000000000000"
        },
        {
          "offset": "7C2C6A",
          "on": "E91F256902909090",
          "off": "C5FA108B800C0000"
        }
      ]
    },
    {
      "name": "Infinite Ammo",
      "type": "checkbox",
      "memory": [
        {
          "offset": "02E551A3",
          "on": "0F84DA4F6AFF66C7411CE8038B411CE9A74F6AFF",
          "off": "0000000000000000000000000000000000000000"
        },
        {
          "offset": "024FA159",
          "on": "E945B09500",
          "off": "742E8B411C"
        }
      ]
    },
    {
      "name": "No Reload",
      "type": "checkbox",
      "memory": [
        {
          "offset": "015E1830",
          "on": "C3",
          "off": "55"
        }
      ]
    },
    {
      "name": "Vehicle Engine Durable [On]",
      "type": "checkbox",
      "memory": [
        {
          "offset": "02E55287",
          "on": "C78358010000FC094000C5FA109398080000E985AF62FE",
          "off": "0000000000000000000000000000000000000000000000"
        },
        {
          "offset": "0148021B",
          "on": "E967509D01909090",
          "off": "C5FA109398080000"
        }
      ]
    },
    {
      "name": "Vehicle Engine Durable [Off]",
      "type": "checkbox",
      "memory": [
        {
          "offset": "02E55287",
          "on": "C783580100000C004000C5FA109398080000E985AF62FE",
          "off": "0000000000000000000000000000000000000000000000"
        },
        {
          "offset": "0148021B",
          "on": "E967509D01909090",
          "off": "C5FA109398080000"
        }
      ]
    },
    {
      "name": "Run Speed Faster [1.5]",
      "type": "checkbox",
      "memory": [
        {
          "offset": "02E55225",
          "on": "C783B80500000000C03FC5FA108350020000E977B296FD",
          "off": "0000000000000000000000000000000000000000000000"
        },
        {
          "offset": "7C04AB",
          "on": "E9754D6902909090",
          "off": "C5FA108350020000"
        }
      ]
    },
    {
      "name": "Swim Speed Faster [2.5]",
      "type": "checkbox",
      "memory": [
        {
          "offset": "02E552B4",
          "on": "C780BC05000000002040C5FA108054020000E96D63C3FD",
          "off": "0000000000000000000000000000000000000000000000"
        },
        {
          "offset": "A8B630",
          "on": "E97F9C3C02909090",
          "off": "C5FA108054020000"
        }
      ]
    },
    {
      "name": "Powerful Shot [On]",
      "type": "checkbox",
      "memory": [
        {
          "offset": "02E55255",
          "on": "41C78424940C00000000807FC4C17A108424840C0000E9E90497FD",
          "off": "000000000000000000000000000000000000000000000000000000"
        },
        {
          "offset": "7C574F",
          "on": "E901FB68029090909090",
          "off": "C4C17A108424840C0000"
        }
      ]
    },
    {
      "name": "Shot Power [Normal-Off]",
      "type": "checkbox",
      "memory": [
        {
          "offset": "02E55255",
          "on": "41C78424940C00000000803FC4C17A108424840C0000E9E90497FD",
          "off": "000000000000000000000000000000000000000000000000000000"
        },
        {
          "offset": "7C574F",
          "on": "E901FB68029090909090",
          "off": "C4C17A108424840C0000"
        }
      ]
    },
    {
      "name": "Super Power Punch [On]",
      "type": "checkbox",
      "memory": [
        {
          "offset": "02E55270",
          "on": "C787A40C00000050C347C5FA1087840C0000E95C6AD9FD",
          "off": "0000000000000000000000000000000000000000000000"
        },
        {
          "offset": "BEBCDB",
          "on": "E990952602909090",
          "off": "C5FA1087840C0000"
        }
      ]
    },
    {
      "name": "Power Punch [Normal-Off]",
      "type": "checkbox",
      "memory": [
        {
          "offset": "02E55270",
          "on": "C787A40C00000000803FC5FA1087840C0000E95C6AD9FD",
          "off": "0000000000000000000000000000000000000000000000"
        },
        {
          "offset": "BEBCDB",
          "on": "E990952602909090",
          "off": "C5FA1087840C0000"
        }
      ]
    },
    {
      "name": "Reset Wanted Star Level",
      "type": "checkbox",
      "memory": [
        {
          "offset": "02E551B7",
          "on": "0F44879800000083BF98000000007505E9FFB624FDC7879000000000000000C7879400000000000000C7879800000000000000E9DCB624FD",
          "off": "0000000000000000000000000000000000000000000000000000000000000000000000000000000000000000000000000000000000000000"
        },
        {
          "offset": "0A08C4",
          "on": "E9EE48DB029090",
          "off": "0F448798000000"
        }
      ]
    },
    {
      "name": "Remove Noise On Wanted",
      "type": "checkbox",
      "memory": [
        {
          "offset": "63C380",
          "on": "C3",
          "off": "55"
        }
      ]
    },
    {
      "name": "Have 2.1 B Money [Don't Freez It]",
      "type": "checkbox",
      "memory": [
        {
          "offset": "02E551EF",
          "on": "81F970DB0100741281F920160000740A81F980CF03007402EB10488D470CC7470CFF4F446433470CEB00488D470C33470CE952D263FF",
          "off": "000000000000000000000000000000000000000000000000000000000000000000000000000000000000000000000000000000000000"
        },
        {
          "offset": "02492470",
          "on": "E97A2D9C009090",
          "off": "488D470C33470C"
        }
      ]
    },
    {
      "name": "Super Jump {On}",
      "type": "checkbox",
      "memory": [
        {
          "offset": "02E5529E",
          "on": "498B8668100000C7802002000000400000E99605BCFD",
          "off": "00000000000000000000000000000000000000000000"
        },
        {
          "offset": "A15843",
          "on": "E956FA43029090",
          "off": "498B8668100000"
        }
      ]
    },
    {
      "name": "Explosive Ammo {On}",
      "type": "checkbox",
      "memory": [
        {
          "offset": "02E5529E",
          "on": "498B8668100000C7802002000000080000E99605BCFD",
          "off": "00000000000000000000000000000000000000000000"
        },
        {
          "offset": "A15843",
          "on": "E956FA43029090",
          "off": "498B8668100000"
        }
      ]
    },
    {
      "name": "Super Jump-Expl. Ammo {On}",
      "type": "checkbox",
      "memory": [
        {
          "offset": "02E5529E",
          "on": "498B8668100000C7802002000000480000E99605BCFD",
          "off": "00000000000000000000000000000000000000000000"
        },
        {
          "offset": "A15843",
          "on": "E956FA43029090",
          "off": "498B8668100000"
        }
      ]
    }
  ],
  "credits": [
    "k0s0ng"
  ]
}