{
  "name": "Saint Seiya: Soldiers Soul",
  "id": "CUSA02437",
  "version": "01.00",
  "process": "eboot.bin",
  "mods": [
    {
      "name": "God Mode 1P",
      "type": "checkbox",
      "memory": [
        {
          "offset": "322F800",
          "on": "C5F25CC0C5F057C9C5F25FC051B900007A44837B08017404660F6EC159E97144DFFC",
          "off": "00000000000000000000000000000000000000000000000000000000000000000000"
        },
        {
          "offset": "23C8B",
          "on": "E970BB2003909090",
          "off": "C5F25CC0C5F057C9"
        }
      ]
    },
    {
      "name": "Inf Cosmo 1P",
      "type": "checkbox",
      "memory": [
        {
          "offset": "322F822",
          "on": "C5F25CC0C5F057C9C5F25FC051B900007A44837F08017404660F6EC159E9A941DFFC",
          "off": "00000000000000000000000000000000000000000000000000000000000000000000"
        },
        {
          "offset": "239E5",
          "on": "E938BE2003909090",
          "off": "C5F25CC0C5F057C9"
        }
      ]
    },
    {
      "name": "Max Inf 7th Sense 1P",
      "type": "checkbox",
      "memory": [
        {
          "offset": "237E3",
          "on": "C5FA114F58",
          "off": "C5FA115758"
        },
        {
          "offset": "238C6",
          "on": "C5FA114F58",
          "off": "C5FA114758"
        }
      ]
    },
    {
      "name": "Inf Money",
      "type": "checkbox",
      "memory": [
        {
          "offset": "322F844",
          "on": "B8FFC99A3B41018424201F0000E9B9F6FDFC",
          "off": "000000000000000000000000000000000000"
        },
        {
          "offset": "20EF07",
          "on": "E938090203909090",
          "off": "41898424201F0000"
        }
      ]
    }
  ],
  "credits": [
    "Vampirexx"
  ]
}