{
  "name": "DRAGON BALL XENOVERSE 2",
  "id": "CUSA05350",
  "version": "01.34",
  "process": "eboot.bin",
  "mods": [
    {
      "name": "Max/Infinite Health/1 Hit Kill (Master Code)",
      "type": "checkbox",
      "memory": [
        {
          "offset": "2AD3570",
          "on": "41807F3000751AC4C17A1087EC000000C4C17A1187E8000000E93A965DFD0F57C0C4C17A1187E8000000E929965DFD",
          "off": "0000000000000000000000000000000000000000000000000000000000000000000000000000000000000000000000"
        },
        {
          "offset": "ACBBF",
          "on": "E9AC69A20290909090",
          "off": "C4C17A1187E8000000"
        }
      ]
    },
    {
      "name": "1 Hit Kill (Need MC)",
      "type": "checkbox",
      "memory": [
        {
          "offset": "2AD3575",
          "on": "7517",
          "off": "751A"
        }
      ]
    },
    {
      "name": "Infinite Stamina",
      "type": "checkbox",
      "memory": [
        {
          "offset": "2AD3900",
          "on": "C4C17A108654010000C4C17A118654010000E9E6955DFD",
          "off": "0000000000000000000000000000000000000000000000"
        },
        {
          "offset": "ACEF4",
          "on": "E9076AA20290909090",
          "off": "C4C17A118654010000"
        }
      ]
    },
    {
      "name": "Infinite Ki",
      "type": "checkbox",
      "memory": [
        {
          "offset": "2AD37E0",
          "on": "C4C17A1097F4000000C4C17A1197F4000000E928AC5BFD",
          "off": "0000000000000000000000000000000000000000000000"
        },
        {
          "offset": "8E416",
          "on": "E9C553A40290909090",
          "off": "C4C17A1197F4000000"
        }
      ]
    },
    {
      "name": "Max Zeni",
      "type": "checkbox",
      "memory": [
        {
          "offset": "86579F",
          "on": "B800CA9A3B",
          "off": "3D00CA9A3B"
        }
      ]
    },
    {
      "name": "Max TP",
      "type": "checkbox",
      "memory": [
        {
          "offset": "2AD3B10",
          "on": "C747708861263A8B4F70894F6C394F6C90E9E41CD9FD",
          "off": "00000000000000000000000000000000000000000000"
        },
        {
          "offset": "865804",
          "on": "E907E3260290",
          "off": "8B4F70394F6C"
        }
      ]
    },
    {
      "name": "Max/Infinite Attribute Points",
      "type": "checkbox",
      "memory": [
        {
          "offset": "2AD3A30",
          "on": "41C78700020000E7030000E91BE0A6FD",
          "off": "00000000000000000000000000000000"
        },
        {
          "offset": "541A54",
          "on": "E9D71F59029090",
          "off": "4589B700020000"
        }
      ]
    }
  ],
  "credits": [
    "Celogamez"
  ]
}