{
  "name": "No Mans Sky",
  "id": "CUSA03952",
  "version": "01.38",
  "process": "eboot.bin",
  "mods": [
    {
      "name": "set 99999 resources (craft)",
      "type": "checkbox",
      "memory": [
        {
          "offset": "1603800",
          "on": "85DBC740189F860100E908581EFF",
          "off": "0000000000000000000000000000"
        },
        {
          "offset": "7E9011",
          "on": "E9EAA7E100",
          "off": "85DB894818"
        }
      ]
    },
    {
      "name": "set 99999 res (tools) ",
      "type": "checkbox",
      "memory": [
        {
          "offset": "160380E",
          "on": "29D0C746189F860100E9D4C31EFF",
          "off": "0000000000000000000000000000"
        },
        {
          "offset": "7EFBEB",
          "on": "E91E3CE100",
          "off": "29D0894618"
        }
      ]
    }
  ],
  "credits": [
    "DreamRunner"
  ]
}