{
  "name": "Peggle 2",
  "id": "CUSA00743",
  "version": "01.00",
  "process": "eboot.bin",
  "mods": [
    {
      "name": "Have 99 Balls",
      "hint": null,
      "type": "checkbox",
      "memory": [
        {
          "offset": "1003C13",
          "on": "B8620000004189842410090000E9A0DA61FF",
          "off": "000000000000000000000000000000000000"
        },
        {
          "offset": "6216BD",
          "on": " E951259E00909090",
          "off": "4189842410090000"
        }
      ]
    }
  ],
  "credits": [
    "Molly"
  ]
}