{
  "name": "COD: World War II (MP/ZM)",
  "id": "CUSA05969",
  "version": "01.11",
  "process": "default_mp.elf",
  "mods": [
    {
      "name": "All Client Infinite Ammo",
      "hint": null,
      "type": "checkbox",
      "memory": [
        {
          "offset": "B2B698",
          "on": "90909090",
          "off": "29548810"
        }
      ]
    },
    {
      "name": "All Client Godmode",
      "hint": null,
      "type": "checkbox",
      "memory": [
        {
          "offset": "D553B9",
          "on": "90909090909090",
          "off": "410187DC020000"
        }
      ]
    },
    {
      "name": "Infinite Specialist (Zombies)",
      "hint": null,
      "type": "checkbox",
      "memory": [
        {
          "offset": "888093",
          "on": "9090909090909090",
          "off": "C5FA1187981F0000"
        },
        {
          "offset": "C9CA258",
          "on": "0000803F",
          "off": "00000000"
        }
      ]
    }
  ],
  "credits": [
    "DeathRGH"
  ]
}