{
  "name": "Resogun",
  "id": "CUSA00005",
  "version": "01.10",
  "process": "eboot.bin",
  "mods": [
    {
      "name": "Infinite Lives",
      "hint": null,
      "type": "checkbox",
      "memory": [
        {
          "offset": "675A6D",
          "on": "B863000000",
          "off": "FFC80F48C1"
        }
      ]
    },
    {
      "name": "Infinite Bombs",
      "hint": null,
      "type": "checkbox",
      "memory": [
        {
          "offset": "67607E",
          "on": "B863000000909090",
          "off": "B9000000000F48C1"
        }
      ]
    }
  ],
  "credits": [
    "Weysincha"
  ]
}