{
  "name": "Tom Clancys Rainbow Six® Siege",
  "id": "CUSA01788",
  "version": "01.46",
  "process": "eboot.bin",
  "mods": [
    {
      "name": "God Mode",
      "type": "checkbox",
      "memory": [
        {
          "offset": "523B800",
          "on": "41BEFB0300004489B318010000E93FD72BFD",
          "off": "000000000000000000000000000000000000"
        },
        {
          "offset": "24F8F4A",
          "on": "E9B128D4029090",
          "off": "448BB318010000"
        }
      ]
    },
    {
      "name": "No Reload",
      "type": "checkbox",
      "memory": [
        {
          "offset": "523B812",
          "on": "B8FF000000894150E997BE46FD",
          "off": "00000000000000000000000000"
        },
        {
          "offset": "26A76B1",
          "on": "E95C41B902",
          "off": "74038B4150"
        }
      ]
    },
    {
      "name": "Infinite Grenades",
      "type": "checkbox",
      "memory": [
        {
          "offset": "523B81F",
          "on": "BF0400000041893C114C39C6E9A4F667FC",
          "off": "0000000000000000000000000000000000"
        },
        {
          "offset": "18BAECD",
          "on": "E94D0998039090",
          "off": "41033C114C39C6"
        }
      ]
    }
  ],
  "credits": [
    "Rizla"
  ]
}