{
  "name": "Far Cry® 4",
  "id": "CUSA00462",
  "version": "01.00",
  "process": "eboot.bin",
  "mods": [
    {
      "name": "Infinite Ammo",
      "type": "checkbox",
      "memory": [
        {
          "offset": "13E8635",
          "on": "909090909090",
          "off": "89B004010000"
        }
      ]
    },
    {
      "name": "Infinite Arrows/Grenade Launchers",
      "type": "checkbox",
      "memory": [
        {
          "offset": "129E465",
          "on": "9090",
          "off": "8903"
        }
      ]
    },
    {
      "name": "Infinite Throwables",
      "type": "checkbox",
      "memory": [
        {
          "offset": "1FE2B1F",
          "on": "90909090",
          "off": "44897B78"
        }
      ]
    },
    {
      "name": "Infinite Cash",
      "type": "checkbox",
      "memory": [
        {
          "offset": "12BE895",
          "on": "909090909090",
          "off": "898328010000"
        }
      ]
    },
    {
      "name": "Infinite Health Syringes",
      "type": "checkbox",
      "memory": [
        {
          "offset": "1309565",
          "on": "90909090909090",
          "off": "418987C0000000"
        }
      ]
    },
    {
      "name": "Infinite XP",
      "type": "checkbox",
      "memory": [
        {
          "offset": "C8D182",
          "on": "9090909090",
          "off": "412944246C"
        }
      ]
    },
    {
      "name": "Infinite Syringes",
      "type": "checkbox",
      "memory": [
        {
          "offset": "1306FFD",
          "on": "90909090909090",
          "off": "418987C0000000"
        }
      ]
    }
  ],
  "credits": [
    "Arafat"
  ]
}