{
  "name": "Rayman Legends",
  "id": "CUSA00069",
  "version": "01.00",
  "process": "eboot.bin",
  "mods": [
    {
      "name": "Play A Lv Than Lums Will Double",
      "hint": null,
      "type": "checkbox",
      "memory": [
        {
          "offset": "4F0537",
          "on": "41034C246C41898E",
          "off": "418B4C246C41898E"
        }
      ]
    },
    {
      "name": "Lucky Tickets Will Double Every Spend",
      "hint": null,
      "type": "checkbox",
      "memory": [
        {
          "offset": "5163BC",
          "on": "018764030000C366",
          "off": "898764030000C366"
        }
      ]
    }
  ],
  "credits": [
    "PS4Guru"
  ]
}