{
  "name": "Dying Light: The Following Enhanced Edition",
  "id": "CUSA03991",
  "version": "01.06",
  "process": "eboot.bin",
  "mods": [
    {
      "name": "God Mode",
      "hint": null,
      "type": "checkbox",
      "memory": [
        {
          "offset": "2073898",
          "on": "C7870812000000808943C5FA108708120000C5FA118704120000E981D893FF",
          "off": "00000000000000000000000000000000000000000000000000000000000000"
        },
        {
          "offset": "19B1130",
          "on": "E963276C00909090",
          "off": "C5FA108704120000"
        }
      ]
    },
    {
      "name": "Inf Ammo",
      "hint": null,
      "type": "checkbox",
      "memory": [
        {
          "offset": "BCF252",
          "on": "4183EF0090",
          "off": "44897C0804"
        }
      ]
    },
    {
      "name": "No Reload",
      "hint": null,
      "type": "checkbox",
      "memory": [
        {
          "offset": "616B06",
          "on": "83E800",
          "off": "418907"
        }
      ]
    },
    {
      "name": "Inf Breath",
      "hint": null,
      "type": "checkbox",
      "memory": [
        {
          "offset": "20738F9",
          "on": "C4C17A105714C4C17A115710E94A85B7FE",
          "off": "0000000000000000000000000000000000"
        },
        {
          "offset": "BEBE4E",
          "on": "E9A67A480190",
          "off": "C4C17A115710"
        }
      ]
    },
    {
      "name": "Inf Grappling Hook Stamina",
      "hint": null,
      "type": "checkbox",
      "memory": [
        {
          "offset": "2073817",
          "on": "41C7464000002040C4C17A104640E9D6DDC0FE",
          "off": "00000000000000000000000000000000000000"
        },
        {
          "offset": "C815FA",
          "on": "E918223F0190",
          "off": "C4C17A114640"
        }
      ]
    },
    {
      "name": "Inf UV Light",
      "hint": null,
      "type": "checkbox",
      "memory": [
        {
          "offset": "207382A",
          "on": "C7070000803FC5FA1007C5F82EC1E90C42B1FE",
          "off": "00000000000000000000000000000000000000"
        },
        {
          "offset": "B87A41",
          "on": "E9E4BD4E01909090",
          "off": "C5FA1107C5F82EC1"
        }
      ]
    },
    {
      "name": "Inf Weapon Durability/No Buggy Damage",
      "hint": null,
      "type": "checkbox",
      "memory": [
        {
          "offset": "207383D",
          "on": "C7430400007A44C5FA104304E9FD365AFE",
          "off": "0000000000000000000000000000000000"
        },
        {
          "offset": "616F46",
          "on": "E9F2C8A501",
          "off": "C5FA114304"
        }
      ]
    },
    {
      "name": "Inf Camoufladge When Used",
      "hint": null,
      "type": "checkbox",
      "memory": [
        {
          "offset": "207384E",
          "on": "C743140000B442C5FA104314E92640B6FE",
          "off": "0000000000000000000000000000000000"
        },
        {
          "offset": "BD7880",
          "on": "E9C9BF4901",
          "off": "C5FA114314"
        }
      ]
    },
    {
      "name": "Inf/Dupe Items",
      "hint": null,
      "type": "checkbox",
      "memory": [
        {
          "offset": "616B0B",
          "on": "4589F6",
          "off": "458937"
        }
      ]
    },
    {
      "name": "Max Money on Spend",
      "hint": null,
      "type": "checkbox",
      "memory": [
        {
          "offset": "207385F",
          "on": "B8FFFFFF7F4189C74189463CE9B0B1B5FE",
          "off": "0000000000000000000000000000000000"
        },
        {
          "offset": "BCEA19",
          "on": "E9414E4A019090",
          "off": "4429F84189463C"
        }
      ]
    },
    {
      "name": "Max Survivor Rank on Gain",
      "hint": null,
      "type": "checkbox",
      "memory": [
        {
          "offset": "20738B7",
          "on": "B980841E00898898000000E9AC1D33FE",
          "off": "00000000000000000000000000000000"
        },
        {
          "offset": "3A566D",
          "on": "E945E2CC0190",
          "off": "8B8898000000"
        }
      ]
    },
    {
      "name": "Max Agility LVL on Gain",
      "hint": null,
      "type": "checkbox",
      "memory": [
        {
          "offset": "20738C7",
          "on": "B9D8F6030089483841894E48E9781D33FE",
          "off": "0000000000000000000000000000000000"
        },
        {
          "offset": "3A5649",
          "on": "E979E2CC019090",
          "off": "8B483841894E48"
        }
      ]
    },
    {
      "name": "Max Power LVL on Gain",
      "hint": null,
      "type": "checkbox",
      "memory": [
        {
          "offset": "20738D8",
          "on": "B9F20F0D0089486841894E4CE9791D33FE",
          "off": "0000000000000000000000000000000000"
        },
        {
          "offset": "3A565B",
          "on": "E978E2CC019090",
          "off": "8B486841894E4C"
        }
      ]
    },
    {
      "name": "Max Legend LVL on Unlock",
      "hint": null,
      "type": "checkbox",
      "memory": [
        {
          "offset": "20738E9",
          "on": "B9B0B10A2F8988F8000000E9AA1D33FE",
          "off": "00000000000000000000000000000000"
        },
        {
          "offset": "3A569D",
          "on": "E947E2CC0190",
          "off": "8B88F8000000"
        }
      ]
    },
    {
      "name": "Inf Nitro (DLC)",
      "hint": null,
      "type": "checkbox",
      "memory": [
        {
          "offset": "2073870",
          "on": "C7471000004843C5FA104710E93CF7F0FE",
          "off": "0000000000000000000000000000000000"
        },
        {
          "offset": "F82FB8",
          "on": "E9B3080F01",
          "off": "C5FA104710"
        }
      ]
    },
    {
      "name": "Inf Fuel (DLC)",
      "hint": null,
      "type": "checkbox",
      "memory": [
        {
          "offset": "2073881",
          "on": "C783200300000000E040C5FA108320030000E951ABEFFE",
          "off": "0000000000000000000000000000000000000000000000"
        },
        {
          "offset": "F6E3E1",
          "on": "E99B541001909090",
          "off": "C5FA118320030000"
        }
      ]
    },
    {
      "name": "Inf Buggy Equipment Usage (DLC)",
      "hint": null,
      "type": "checkbox",
      "memory": [
        {
          "offset": "F8BE44",
          "on": "9090909090",
          "off": "C5FA115318"
        }
      ]
    }
  ],
  "credits": [
    "Rizla"
  ]
}