{
  "name": "KINGDOM HEARTS 0.2 Birth by Sleep - A Fragmentary Passage -",
  "id": "CUSA05787",
  "version": "01.00",
  "process": "kh02.elf",
  "mods": [
    {
      "name": "No MP reload",
      "type": "checkbox",
      "memory": [
        {
          "offset": "19A655",
          "on": "909090909090",
          "off": "89831C070000"
        }
      ]
    },
    {
      "name": "Max XP",
      "type": "checkbox",
      "memory": [
        {
          "offset": "33AE1C",
          "on": "81C280969800",
          "off": "81F980969800"
        },
        {
          "offset": "33AE22",
          "on": "909090",
          "off": "0F4CD1"
        },
        {
          "offset": "33AE28",
          "on": "9090",
          "off": "85C9"
        },
        {
          "offset": "33AE2A",
          "on": "4189D590",
          "off": "440F49EA"
        }
      ]
    },
    {
      "name": "Infinite Focus",
      "type": "checkbox",
      "memory": [
        {
          "offset": "42508D",
          "on": "50909090",
          "off": "C5F25EC0"
        },
        {
          "offset": "425091",
          "on": "48C7C00000A04090",
          "off": "C5FA108B40080000"
        },
        {
          "offset": "425099",
          "on": "90909090",
          "off": "C5F25CC0"
        },
        {
          "offset": "42509D",
          "on": "66480F6EC090909090",
          "off": "C5FAC20DBE04E50302"
        },
        {
          "offset": "4250A6",
          "on": "58909090",
          "off": "C5F055C0"
        },
        {
          "offset": "505C63",
          "on": "F30F584B70",
          "off": "C5EA5C4B70"
        }
      ]
    }
  ],
  "credits": [
    "cristi993"
  ]
}