{
  "name": "The Last of Us™ Remastered",
  "id": "CUSA00557",
  "version": "01.09",
  "process": "eboot.bin",
  "master": {
    "challenged": "yes",
    "memory": [
      {
        "offset": "1473800",
        "on": "483DA0860100740F90909090909090909090909089533085D20F85EAEA33FFE9CEEA33FFBA00000000895330E9C1EA33FF"
      },
      {
        "offset": "7B22EB",
        "on": "E91015CC009090"
      }
    ]
  },
  "mods": [
    {
      "name": "God Mode",
      "type": "checkbox",
      "memory": [
        {
          "offset": "1473808",
          "on": "807B388C7409",
          "off": "909090909090"
        }
      ]
    },
    {
      "name": "Easy Kill",
      "type": "checkbox",
      "memory": [
        {
          "offset": "147380E",
          "on": "807B388C7510",
          "off": "909090909090"
        }
      ]
    },
    {
      "name": "Inf Ammo",
      "type": "checkbox",
      "memory": [
        {
          "offset": "682AE2",
          "on": "C6835C07000063",
          "off": "66FF8B5C070000"
        }
      ]
    },
    {
      "name": "Inf Item",
      "type": "checkbox",
      "memory": [
        {
          "offset": "1473831",
          "on": "4983F8147C144983F81B7D1C42C68447F40000000CE99A5CC1FE42C68447F400000003E98C5CC1FE6642C78447F40000002823E97C5CC1FE",
          "off": "0000000000000000000000000000000000000000000000000000000000000000000000000000000000000000000000000000000000000000"
        },
        {
          "offset": "894DC",
          "on": "E950A33E0190909090",
          "off": "6642898447F4000000"
        },
        {
          "offset": "1473869",
          "on": "4883FB147C144883FB1B7D1C41C6845FF40000000CE9A857C1FE41C6845FF400000003E99A57C1FE6641C7845FF40000002823E98A57C1FE",
          "off": "0000000000000000000000000000000000000000000000000000000000000000000000000000000000000000000000000000000000000000"
        },
        {
          "offset": "89022",
          "on": "E942A83E0190909090",
          "off": "664589B45FF4000000"
        }
      ]
    },
    {
      "name": "Debug Mode",
      "type": "checkbox",
      "memory": [
        {
          "offset": "14738A1",
          "on": "C681812E000001E96808B9FE",
          "off": "C681812E000000E9F61AB9FE"
        },
        {
          "offset": "4108",
          "on": "E994F746019090",
          "off": "E994F746019090"
        }
      ]
    }
  ],
  "credits": [
    "Cosmaty"
  ]
}