{
  "name": "METAL GEAR SOLID V: THE DEFINITIVE EXPERIENCE",
  "id": "CUSA05662",
  "version": "01.05",
  "process": "gz.elf",
  "mods": [
    {
      "name": "Infinite Ammo",
      "type": "checkbox",
      "memory": [
        {
          "offset": "D22DA2",
          "on": "8B8790030000",
          "off": "03878C030000"
        }
      ]
    },
    {
      "name": "Infinite Grand",
      "type": "checkbox",
      "memory": [
        {
          "offset": "25D3800",
          "on": "E8658353FE8B5004E96A7153FE",
          "off": "00000000000000000000000000"
        },
        {
          "offset": "B0A970",
          "on": "E98B8EAC019090",
          "off": "E8FB1100008B10"
        }
      ]
    },
    {
      "name": "God Mode",
      "type": "checkbox",
      "memory": [
        {
          "offset": "C34950",
          "on": "C3",
          "off": "55"
        }
      ]
    },
    {
      "name": "Infinite Reload",
      "type": "checkbox",
      "memory": [
        {
          "offset": "25D380D",
          "on": "8B78048938E9BC0553FE",
          "off": "00000000000000000000"
        },
        {
          "offset": "B03DCE",
          "on": "E93AFAAC01",
          "off": "0F42F98938"
        }
      ]
    },
    {
      "name": "Enemy Cannot Reach You",
      "type": "checkbox",
      "memory": [
        {
          "offset": "136EE20",
          "on": "C3",
          "off": "55"
        }
      ]
    },
    {
      "name": "Freeze Enemy",
      "type": "checkbox",
      "memory": [
        {
          "offset": "40CC00",
          "on": "C3",
          "off": "55"
        }
      ]
    }
  ],
  "credits": [
    "cjwine"
  ]
}