{
  "name": "Guns, Gore and Cannoli",
  "id": "CUSA03818",
  "version": "01.01",
  "process": "eboot.bin",
  "mods": [
    {
      "name": "Health / 1 Hit Kill (Master Code)",
      "type": "checkbox",
      "memory": [
        {
          "offset": "1E59C00",
          "on": "4183BE0801000000741F41C786180300000000C842E990F0B3FE4183BE70010000007505C4410057FFF3450F11BE18030000E973F0B3FE",
          "off": "00000000000000000000000000000000000000000000000000000000000000000000000000000000000000000000000000000000000000"
        },
        {
          "offset": "998CA1",
          "on": "E95A0F4C0190909090",
          "off": "F3450F11BE18030000"
        }
      ]
    },
    {
      "name": "1 Hit Kill (MC)",
      "type": "checkbox",
      "memory": [
        {
          "offset": "1E59C08",
          "on": "7410",
          "off": "741F"
        }
      ]
    },
    {
      "name": "Ammo No Reload / Throwables",
      "type": "checkbox",
      "memory": [
        {
          "offset": "1E7B82C",
          "on": "C7442408630000004863442408E90D17B6FE",
          "off": "000000000000000000000000000000000000"
        },
        {
          "offset": "9DCF46",
          "on": "E9E1E84901",
          "off": "4863442408"
        },
        {
          "offset": "9DC922",
          "on": "9090",
          "off": "FFC8"
        }
      ]
    }
  ],
  "credits": [
    "Saso_9.00"
  ]
}