{
  "name": "RESIDENT EVIL 6",
  "id": "CUSA03840",
  "version": "01.01",
  "process": "eboot.bin",
  "mods": [
    {
      "name": "Infinite Health",
      "type": "checkbox",
      "memory": [
        {
          "offset": "71240B",
          "on": "9090",
          "off": "29F1"
        },
        {
          "offset": "197968",
          "on": "66899368130000",
          "off": "66898B68130000"
        }
      ]
    },
    {
      "name": "Infinite Stamina/Air",
      "type": "checkbox",
      "memory": [
        {
          "offset": "712A03",
          "on": "9090",
          "off": "760C"
        }
      ]
    },
    {
      "name": "Infinite Ammo/Items",
      "type": "checkbox",
      "memory": [
        {
          "offset": "B324C4",
          "on": "9090",
          "off": "29F0"
        },
        {
          "offset": "17CB812",
          "on": "0FBF44470E83F8027D05B802000000E9CC6B36FF",
          "off": "0000000000000000000000000000000000000000"
        },
        {
          "offset": "B323ED",
          "on": "E92094C900",
          "off": "0FBF44470E"
        }
      ]
    },
    {
      "name": "Max Skillpoints",
      "type": "checkbox",
      "memory": [
        {
          "offset": "6A67EF",
          "on": "BA7F9698009090",
          "off": "8B940820070000"
        }
      ]
    },
    {
      "name": "Easy QTE",
      "type": "checkbox",
      "memory": [
        {
          "offset": "17CB800",
          "on": "41C7473800006144C5FA104038E90A5791FE",
          "off": "000000000000000000000000000000000000"
        },
        {
          "offset": "E0F16",
          "on": "E9E5A86E0190",
          "off": "C4C17A114738"
        },
        {
          "offset": "E0CB9",
          "on": "C5F828CA90",
          "off": "C5FA584B38"
        }
      ]
    },
    {
      "name": "Infinite Time",
      "type": "checkbox",
      "memory": [
        {
          "offset": "14A506",
          "on": "90909090",
          "off": "C5FA5CC2"
        }
      ]
    },
    {
      "name": "Max Score",
      "type": "checkbox",
      "memory": [
        {
          "offset": "153335",
          "on": "909090",
          "off": "0F46D1"
        }
      ]
    },
    {
      "name": "Max Combo",
      "type": "checkbox",
      "memory": [
        {
          "offset": "153379",
          "on": "B862000000909090",
          "off": "428B842B64400000"
        },
        {
          "offset": "153373",
          "on": "90909090",
          "off": "410F46CC"
        }
      ]
    },
    {
      "name": "Infinite Abilitypoints",
      "type": "checkbox",
      "memory": [
        {
          "offset": "6A771C",
          "on": "909090909090",
          "off": "298318050000"
        }
      ]
    }
  ],
  "credits": [
    "TLH"
  ]
}