{
  "name": "Wolfenstein: The New Order",
  "id": "CUSA00320",
  "version": "01.00",
  "process": "eboot.bin",
  "mods": [
    {
      "name": "Godmode",
      "hint": null,
      "type": "checkbox",
      "memory": [
        {
          "offset": "C66AFF",
          "on": "9090909090",
          "off": "C5FA114308"
        }
      ]
    },
    {
      "name": "Infinite Ammo",
      "hint": null,
      "type": "checkbox",
      "memory": [
        {
          "offset": "10942A1",
          "on": "909090",
          "off": "294320"
        }
      ]
    }
  ],
  "credits": [
    "DeathRGH"
  ]
}