{
  "name": "Vampyr",
  "id": "CUSA03468",
  "version": "01.07",
  "process": "eboot.bin",
  "mods": [
    {
      "name": "All Items Max/ On Sell",
      "type": "checkbox",
      "memory": [
        {
          "offset": "49F7800",
          "on": "41C785700400003F420F00E90BD13BFC",
          "off": "00000000000000000000000000000000"
        },
        {
          "offset": "DB4914",
          "on": "E9E72EC4039090",
          "off": "41898D70040000"
        }
      ]
    },
    {
      "name": "No Stamina Consume",
      "type": "checkbox",
      "memory": [
        {
          "offset": "DBE251",
          "on": "9090909090909090",
          "off": "C5FA1183FC000000"
        }
      ]
    },
    {
      "name": "Blood Never Decrease ",
      "type": "checkbox",
      "memory": [
        {
          "offset": "F0C7EE",
          "on": "9090909090909090",
          "off": "C5FA1183FC000000"
        }
      ]
    },
    {
      "name": "Lots Of Money/On Pickup",
      "type": "checkbox",
      "memory": [
        {
          "offset": "49F7800",
          "on": "C78044040000FFC99A3BE96A583BFC",
          "off": "000000000000000000000000000000"
        },
        {
          "offset": "DAD073",
          "on": "E988A7C40390",
          "off": "01B044040000"
        }
      ]
    },
    {
      "name": "Ammo Never Decrease+No Reload",
      "type": "checkbox",
      "memory": [
        {
          "offset": "FE145C",
          "on": "9090",
          "off": "0000"
        }
      ]
    }
  ],
  "credits": [
    "ADI"
  ]
}