{
  "name": "Matterfall™",
  "id": "CUSA02475",
  "version": "01.01",
  "process": "eboot.bin",
  "mods": [
    {
      "name": "Inf Health",
      "type": "checkbox",
      "memory": [
        {
          "offset": "45C6B00",
          "on": "41817D007009A30475134183BD1C010000047509C4C17A108D70010000C4C17A118D00010000E9AE38ADFB",
          "off": "00000000000000000000000000000000000000000000000000000000000000000000000000000000000000"
        },
        {
          "offset": "9A3D0",
          "on": "E92BC7520490909090",
          "off": "C4C17A118D00010000"
        }
      ]
    },
    {
      "name": "Inf Over Charge (On Use)",
      "type": "checkbox",
      "memory": [
        {
          "offset": "ADB7A",
          "on": "C5FA108300010000",
          "off": "C5FA1083FC000000"
        }
      ]
    }
  ],
  "credits": [
    "Saso_9.00"
  ]
}