{
  "name": "Resident Evil 6",
  "id": "CUSA03856",
  "version": "01.00",
  "process": "eboot.bin",
  "mods": [
    {
      "name": "Godmode",
      "type": "checkbox",
      "memory": [
        {
          "offset": "71240b",
          "on": "01F16639F00FBF87",
          "off": "29F16639F00FBF87"
        }
      ]
    },
    {
      "name": "Modded Stock Ammo",
      "type": "checkbox",
      "memory": [
        {
          "offset": "b324c4",
          "on": "01F0F6C480660F44",
          "off": "29F16639F00FBF87"
        }
      ]
    },
    {
      "name": "Stamina Will Stay At 1 Bar",
      "type": "checkbox",
      "memory": [
        {
          "offset": "79da9b",
          "on": "29D8C5F057C9C4E1",
          "off": "89D8C5F057C9C4E1"
        }
      ]
    }
  ],
  "credits": [
    "PS4Guru"
  ]
}