{
  "name": "Dead Rising 2: Off The Record",
  "id": "CUSA04273",
  "version": "01.02",
  "process": "eboot.bin",
  "mods": [
    {
      "name": "Inf Ammo",
      "type": "checkbox",
      "memory": [
        {
          "offset": "1BD3800",
          "on": "51B900C07944660F6EC159C5FA1187C4010000E900B375FE",
          "off": "000000000000000000000000000000000000000000000000"
        },
        {
          "offset": "32EB10",
          "on": "E9EB4C8A01909090",
          "off": "C5FA1187C4010000"
        },
        {
          "offset": "1BD3818",
          "on": "41BDE703000045896E28E911A556FE",
          "off": "000000000000000000000000000000"
        },
        {
          "offset": "13DD31",
          "on": "E9E25AA9019090",
          "off": "41FFCD45896E28"
        },
        {
          "offset": "1BD3827",
          "on": "51B900C07944660F6EC159C5FA118718010000E9D98F5BFE",
          "off": "000000000000000000000000000000000000000000000000"
        },
        {
          "offset": "18C810",
          "on": "E91270A401909090",
          "off": "C5FA118718010000"
        }
      ]
    },
    {
      "name": "Godmode",
      "type": "checkbox",
      "memory": [
        {
          "offset": "1BD383F",
          "on": "51B900009644660F6EC159C5FA114744E90D22A0FE",
          "off": "000000000000000000000000000000000000000000"
        },
        {
          "offset": "5D5A5C",
          "on": "E9DEDD5F01",
          "off": "C5FA114744"
        }
      ]
    },
    {
      "name": "Quick Level Up",
      "type": "checkbox",
      "memory": [
        {
          "offset": "1BD3854",
          "on": "41BFFFC99A3B45897C243CE90ABF9FFE",
          "off": "00000000000000000000000000000000"
        },
        {
          "offset": "5CF769",
          "on": "E9E6406001",
          "off": "45017C243C"
        },
        {
          "offset": "1BD3864",
          "on": "41BFFFC99A3B45897C2440E9FFBE9FFE",
          "off": "00000000000000000000000000000000"
        },
        {
          "offset": "5CF76E",
          "on": "E9F1406001",
          "off": "45017C2440"
        }
      ]
    },
    {
      "name": "Max Money",
      "type": "checkbox",
      "memory": [
        {
          "offset": "1BD3874",
          "on": "41BFFFC99A3B4489BB88000000E92ADD9FFE",
          "off": "000000000000000000000000000000000000"
        },
        {
          "offset": "5D15A9",
          "on": "E9C62260019090",
          "off": "4401BB88000000"
        }
      ]
    },
    {
      "name": "Fast Zombie Kills",
      "type": "checkbox",
      "memory": [
        {
          "offset": "1BD3886",
          "on": "4181442450D0070000E9DCBA9FFE",
          "off": "0000000000000000000000000000"
        },
        {
          "offset": "5CF36B",
          "on": "E916456001",
          "off": "41FF442450"
        }
      ]
    },
    {
      "name": "1 Hit Attack And 3x Throw &quot;After Level Up&quot;",
      "type": "checkbox",
      "memory": [
        {
          "offset": "1BD3894",
          "on": "FFC0B8FFC99A3B89476CE96AC79FFE",
          "off": "000000000000000000000000000000"
        },
        {
          "offset": "5D0008",
          "on": "E987386001",
          "off": "FFC089476C"
        },
        {
          "offset": "1BD38A3",
          "on": "FFC0B80F00000089477CE91BC89FFE",
          "off": "000000000000000000000000000000"
        },
        {
          "offset": "5D00C8",
          "on": "E9D6376001",
          "off": "FFC089477C"
        }
      ]
    }
  ],
  "credits": [
    "Molly"
  ]
}