{
  "name": "Killing Floor 2",
  "id": "CUSA02134",
  "version": "01.60",
  "process": "eboot.bin",
  "mods": [
    {
      "name": "Infinite Health",
      "type": "checkbox",
      "memory": [
        {
          "offset": "26BFB50",
          "on": "2B45C84180BF8C00000002750641C60764EB03418907E97FF252FE",
          "off": "000000000000000000000000000000000000000000000000000000"
        },
        {
          "offset": "BEEDE4",
          "on": "E9670DAD0190",
          "off": "2B45C8418907"
        }
      ]
    },
    {
      "name": "Max Money/Ammo",
      "type": "checkbox",
      "memory": [
        {
          "offset": "26BFC90",
          "on": "0F4DC841C7060F270000E9E5F652FE",
          "off": "000000000000000000000000000000"
        },
        {
          "offset": "BEF37E",
          "on": "E90D09AD0190",
          "off": "0F4DC841890E"
        }
      ]
    }
  ],
  "credits": [
    "Wander FW9.00"
  ]
}