{
  "name": "Grand Theft Auto V",
  "id": "CUSA00411",
  "version": "01.27",
  "process": "eboot.bin",
  "mods": [
    {
      "name": "Infinite Health",
      "type": "checkbox",
      "memory": [
        {
          "offset": "2DC7800",
          "on": "C78054020000F0237449C5FA108054020000C5FA118050020000E986E5CAFD",
          "off": "00000000000000000000000000000000000000000000000000000000000000"
        },
        {
          "offset": "A75D9D",
          "on": "E95E1A3502909090",
          "off": "C5FA108050020000"
        }
      ]
    },
    {
      "name": "Infinite Armour",
      "type": "checkbox",
      "memory": [
        {
          "offset": "2DC783E",
          "on": "C7875C1400000000C842C5FA10875C140000E97FC537FD",
          "off": "0000000000000000000000000000000000000000000000"
        },
        {
          "offset": "143DCC",
          "on": "E96D3AC802909090",
          "off": "C5FA10875C140000"
        }
      ]
    },
    {
      "name": "Infinite Special Ability",
      "type": "checkbox",
      "memory": [
        {
          "offset": "2DC7895",
          "on": "C5FA10433CC5FA114334E960289EFD",
          "off": "000000000000000000000000000000"
        },
        {
          "offset": "7AA0FF",
          "on": "E991D76102",
          "off": "C5FA114334"
        }
      ]
    },
    {
      "name": "Infinite Underwater Breath",
      "type": "checkbox",
      "memory": [
        {
          "offset": "2DC78A4",
          "on": "41C7460400000000C4C17A104604E9934D9AFD",
          "off": "00000000000000000000000000000000000000"
        },
        {
          "offset": "76C644",
          "on": "E95BB2650290",
          "off": "C4C17A114604"
        }
      ]
    },
    {
      "name": "Infinite Ammo",
      "type": "checkbox",
      "memory": [
        {
          "offset": "15B45A2",
          "on": "83E90090",
          "off": "41894F1C"
        }
      ]
    },
    {
      "name": "No Reload",
      "type": "checkbox",
      "memory": [
        {
          "offset": "158D02D",
          "on": "89C9",
          "off": "29CA"
        }
      ]
    },
    {
      "name": "Never Wanted",
      "type": "checkbox",
      "memory": [
        {
          "offset": "2DC7855",
          "on": "BA000000008996E8070000E9ACE4CAFD",
          "off": "00000000000000000000000000000000"
        },
        {
          "offset": "A75D0B",
          "on": "E9451B350290",
          "off": "8B96E8070000"
        }
      ]
    },
    {
      "name": "Infinite Vehicle Engine",
      "type": "checkbox",
      "memory": [
        {
          "offset": "2DC7865",
          "on": "C7814C08000000007A44C5FA10814C080000E9FB6763FE",
          "off": "0000000000000000000000000000000000000000000000"
        },
        {
          "offset": "13FE06F",
          "on": "E9F1979C01909090",
          "off": "C5FA10814C080000"
        },
        {
          "offset": "2DC787C",
          "on": "41C7879407000000007A44C4C17A108794070000E9EA6F66FE",
          "off": "00000000000000000000000000000000000000000000000000"
        },
        {
          "offset": "142E876",
          "on": "E90190990190909090",
          "off": "C4C17A108794070000"
        }
      ]
    },
    {
      "name": "One Hit Kill",
      "type": "checkbox",
      "memory": [
        {
          "offset": "2DC78B7",
          "on": "C7875002000000000000C5FA108750020000E99963C5FD",
          "off": "0000000000000000000000000000000000000000000000"
        },
        {
          "offset": "A1DC5F",
          "on": "E9539C3A02909090",
          "off": "C5FA108750020000"
        }
      ]
    }
  ],
  "credits": [
    "Rizla"
  ]
}