{
  "name": "Dying Light: The Following – Enhanced Edition",
  "id": "CUSA03946",
  "version": "01.00",
  "process": "eboot.bin",
  "mods": [
    {
      "name": "Max Infinite Health",
      "type": "checkbox",
      "memory": [
        {
          "offset": "A659DE",
          "on": "C5FA1193F4110000",
          "off": "C5FA1183F4110000"
        }
      ]
    },
    {
      "name": "Max Infinite Cash",
      "type": "checkbox",
      "memory": [
        {
          "offset": "1FBF800",
          "on": "0F4EC841C7453CFFC99A3BE98673BCFE",
          "off": "00000000000000000000000000000000"
        },
        {
          "offset": "B86B8F",
          "on": "E96C8C43019090",
          "off": "0F4EC841894D3C"
        }
      ]
    },
    {
      "name": "Max SP points (deactivate after using)",
      "type": "checkbox",
      "memory": [
        {
          "offset": "1FBF814",
          "on": "66C7441820FA00E9EE2DB2FE",
          "off": "000000000000000000000000"
        },
        {
          "offset": "AE2608",
          "on": "E907D24D0190",
          "off": "6644897C1820"
        }
      ]
    },
    {
      "name": "Infinite Ammo",
      "type": "checkbox",
      "memory": [
        {
          "offset": "1FBF824",
          "on": "66C74408047800E9D77DBCFE",
          "off": "000000000000000000000000"
        },
        {
          "offset": "B87602",
          "on": "E91D824301",
          "off": "44897C0804"
        }
      ]
    },
    {
      "name": "Bottomless Clip/No Reload",
      "type": "checkbox",
      "memory": [
        {
          "offset": "5FCB36",
          "on": "909090",
          "off": "418907"
        }
      ]
    },
    {
      "name": "Lock Resources (Sell, Deactivate, Buy Back)",
      "type": "checkbox",
      "memory": [
        {
          "offset": "5FCB3B",
          "on": "909090",
          "off": "458937"
        }
      ]
    },
    {
      "name": "Infinite UV Light",
      "type": "checkbox",
      "memory": [
        {
          "offset": "1FBF834",
          "on": "C5EA5CC066C7070100E9F36BB8FE",
          "off": "0000000000000000000000000000"
        },
        {
          "offset": "B4642D",
          "on": "E902944701909090",
          "off": "C5EA5CC0C5FA1107"
        }
      ]
    },
    {
      "name": "Infinite Grappling Hook Stamina",
      "type": "checkbox",
      "memory": [
        {
          "offset": "C2CCD6",
          "on": "C4C17A115740",
          "off": "C4C17A114740"
        }
      ]
    },
    {
      "name": "Infinite Weapon Durability And Buggy Components",
      "type": "checkbox",
      "memory": [
        {
          "offset": "1FBF846",
          "on": "C7430400007A44C5FA104304E924D763FE",
          "off": "0000000000000000000000000000000000"
        },
        {
          "offset": "5FCF76",
          "on": "E9CB289C01",
          "off": "C5FA114304"
        }
      ]
    },
    {
      "name": "Infinite Stamina",
      "type": "checkbox",
      "memory": [
        {
          "offset": "BA429A",
          "on": "C5FA115310",
          "off": "C5FA114310"
        }
      ]
    },
    {
      "name": "Infinite NOS (The Following Only)",
      "type": "checkbox",
      "memory": [
        {
          "offset": "1FBF8C8",
          "on": "C7431000004843C5FA104310E9252CF6FE",
          "off": "0000000000000000000000000000000000"
        },
        {
          "offset": "F224F9",
          "on": "E9CAD30901",
          "off": "C5FA114310"
        }
      ]
    },
    {
      "name": "Infinite Fuel (The Following Only)",
      "type": "checkbox",
      "memory": [
        {
          "offset": "1FBF8F3",
          "on": "C783F00200000000E040C5FA1083F0020000E9EA01F5FE",
          "off": "0000000000000000000000000000000000000000000000"
        },
        {
          "offset": "F0FAEC",
          "on": "E902FE0A01909090",
          "off": "C5FA1183F0020000"
        }
      ]
    }
  ],
  "credits": [
    "Arafat"
  ]
}