{
  "name": "ZOMBI",
  "id": "CUSA03535",
  "version": "01.00",
  "process": "eboot.bin",
  "mods": [
    {
      "name": "Infinite Health",
      "type": "checkbox",
      "memory": [
        {
          "offset": "7FE2EF70",
          "on": "80BB14020000027508C7030000C842EB08C5F25FC0C5FA1103E9A7224C00",
          "off": "000000000000000000000000000000000000000000000000000000000000"
        },
        {
          "offset": "802F122D",
          "on": "E93EDDB3FF909090",
          "off": "C5F25FC0C5FA1103"
        }
      ]
    },
    {
      "name": "Infinite Flashlight",
      "type": "checkbox",
      "memory": [
        {
          "offset": "7FE2E990",
          "on": "41C786E81600000000C642E9D1741D00",
          "off": "00000000000000000000000000000000"
        },
        {
          "offset": "80005E68",
          "on": "E9238BE2FF90909090",
          "off": "C4C17A1186E8160000"
        }
      ]
    },
    {
      "name": "Infinite Ammo (on reload inside the backpack)",
      "type": "checkbox",
      "memory": [
        {
          "offset": "7FE2E960",
          "on": "488D84DFCC01000029D1C60063E94F3E4100",
          "off": "000000000000000000000000000000000000"
        },
        {
          "offset": "802427B5",
          "on": "E9A6C1BEFF90909090909090",
          "off": "488D84DFCC01000029D18908"
        }
      ]
    },
    {
      "name": "Infinite Ammo (inside the clip)",
      "type": "checkbox",
      "memory": [
        {
          "offset": "7FE2E9D0",
          "on": "488DBCD0CC010000FFCEC60763E9B20E0B00",
          "off": "000000000000000000000000000000000000"
        },
        {
          "offset": "7FEDF888",
          "on": "E943F1F4FF90909090909090",
          "off": "488DBCD0CC010000FFCE8937"
        }
      ]
    },
    {
      "name": "Infinite Ammo (while shooting)",
      "type": "checkbox",
      "memory": [
        {
          "offset": "7FE2E920",
          "on": "C683D006000063E9E60E0B00",
          "off": "000000000000000000000000"
        },
        {
          "offset": "7FEDF80C",
          "on": "E90FF1F4FF90",
          "off": "898BD0060000"
        }
      ]
    },
    {
      "name": "Infinite Turret Ammo",
      "type": "checkbox",
      "memory": [
        {
          "section": "8",
          "offset": "40D512",
          "on": "909090909090",
          "off": "FF88940A0000"
        }
      ]
    }
  ],
  "credits": [
    "Wander FW9.00"
  ]
}