{
  "name": "Bloons TD 5",
  "id": "CUSA08065",
  "version": "01.01",
  "process": "eboot.bin",
  "mods": [
    {
      "name": "Godmode",
      "hint": null,
      "type": "checkbox",
      "memory": [
        {
          "offset": "B4F94D",
          "on": "909090",
          "off": "2B4A54"
        }
      ]
    },
    {
      "name": "Infinite Money",
      "hint": null,
      "type": "checkbox",
      "memory": [
        {
          "offset": "B97254",
          "on": "C780C0000000000000FCC780C400000083D7974190",
          "off": "C5FB5CD1C5FBC2C101C5F955C2C5FB1180C0000000"
        },
        {
          "offset": "9E6D51",
          "on": "C780C0000000000000FCC780C400000083D7974190",
          "off": "C5F35CD0C5F3C2C001C5F955C2C5FB1180C0000000"
        },
        {
          "offset": "B4D380",
          "on": "C780C0000000000000FCC780C400000083D7974190909090",
          "off": "C5FB118520F5FFFFC5FB5880C0000000C5FB1180C0000000"
        },
        {
          "offset": "B512C9",
          "on": "C780C0000000000000FCC780C400000083D7974190909090",
          "off": "C5FB118580FDFFFFC5FB5880C0000000C5FB1180C0000000"
        },
        {
          "offset": "9F0884",
          "on": "90909090909090909090909090909090",
          "off": "C5FB5880C0000000C5FB1180C0000000"
        }
      ]
    },
    {
      "name": "Get Dollar For Spending",
      "hint": null,
      "type": "checkbox",
      "memory": [
        {
          "offset": "8884C4",
          "on": "4801C8",
          "off": "4829C8"
        }
      ]
    },
    {
      "name": "Get Coins For Spending",
      "hint": null,
      "type": "checkbox",
      "memory": [
        {
          "offset": "A9B50D",
          "on": "4901C7",
          "off": "4929C7"
        }
      ]
    }
  ],
  "credits": [
    "DeathRGH"
  ]
}