{
  "name": "Zombie Army Trilogy",
  "id": "CUSA01345",
  "version": "01.00",
  "process": "eboot.bin",
  "mods": [
    {
      "name": "Infinite Ammo",
      "hint": null,
      "type": "checkbox",
      "memory": [
        {
          "offset": "8ECC2D",
          "on": "909090909090",
          "off": "8987BC010000"
        }
      ]
    },
    {
      "name": "Infinite Grenades",
      "hint": null,
      "type": "checkbox",
      "memory": [
        {
          "offset": "8F8346",
          "on": "909090",
          "off": "897744"
        }
      ]
    }
  ],
  "credits": [
    "DeathRGH"
  ]
}