{
  "name": "Rogue Aces",
  "id": "CUSA02927",
  "version": "01.02",
  "process": "eboot.bin",
  "mods": [
    {
      "name": "Inf Fule",
      "type": "checkbox",
      "memory": [
        {
          "offset": "1B47A0",
          "on": "C5FA108BB4010000C5FA118BCC010000E9732EE9FF",
          "off": "000000000000000000000000000000000000000000"
        },
        {
          "offset": "47620",
          "on": "E97BD11600909090",
          "off": "C5FA118BCC010000"
        }
      ]
    },
    {
      "name": "Inf Bomb",
      "type": "checkbox",
      "memory": [
        {
          "offset": "4A43C",
          "on": "90909090909090",
          "off": "41FF8E84000000"
        }
      ]
    },
    {
      "name": "Inf Missile",
      "type": "checkbox",
      "memory": [
        {
          "offset": "4A55D",
          "on": "90909090909090",
          "off": "41FF8E88000000"
        }
      ]
    },
    {
      "name": "Hi Score",
      "type": "checkbox",
      "memory": [
        {
          "offset": "1B4800",
          "on": "BE40420F004189B7C8040000E9EDC6EAFF",
          "off": "0000000000000000000000000000000000"
        },
        {
          "offset": "60EF7",
          "on": "E9043915009090",
          "off": "4189B7C8040000"
        }
      ]
    },
    {
      "name": "Ultra Hi Score",
      "type": "checkbox",
      "memory": [
        {
          "offset": "1B4800",
          "on": "BE00CA9A3B4189B7C8040000E9EDC6EAFF",
          "off": "0000000000000000000000000000000000"
        },
        {
          "offset": "60EF7",
          "on": "E9043915009090",
          "off": "4189B7C8040000"
        }
      ]
    }
  ],
  "credits": [
    "Saso"
  ]
}