{
  "name": "Super Robot Wars OG The Moon Dwellers",
  "id": "CUSA04713",
  "version": "01.00",
  "process": "eboot.bin",
  "mods": [
    {
      "name": "Money Gain on spend",
      "type": "checkbox",
      "memory": [
        {
          "offset": "EB997",
          "on": "0187380A0000",
          "off": "8987380A0000"
        }
      ]
    },
    {
      "name": "AP Gain on spend",
      "type": "checkbox",
      "memory": [
        {
          "offset": "F41DC",
          "on": "0187400A0000",
          "off": "8987400A0000"
        }
      ]
    },
    {
      "name": "PP Gain on spend",
      "type": "checkbox",
      "memory": [
        {
          "offset": "12DD64",
          "on": "664401680A",
          "off": "664489680A"
        }
      ]
    }
  ],
  "credits": [
    "squall3032"
  ]
}