{
  "name": "Darksiders II Deathinitive Edition",
  "id": "CUSA02419",
  "version": "01.00",
  "process": "eboot.bin",
  "mods": [
    {
      "name": "Godmode",
      "hint": null,
      "type": "checkbox",
      "memory": [
        {
          "offset": "6AAB5D",
          "on": "90909090",
          "off": "C5FA1100"
        }
      ]
    },
    {
      "name": "Infinite Rage",
      "hint": null,
      "type": "checkbox",
      "memory": [
        {
          "offset": "64D597",
          "on": "9090909090",
          "off": "C5FA114304"
        }
      ]
    },
    {
      "name": "Infinite Skill Points",
      "hint": null,
      "type": "checkbox",
      "memory": [
        {
          "offset": "6BACB3",
          "on": "90909090",
          "off": "44897344"
        }
      ]
    }
  ],
  "credits": [
    "Talixme"
  ]
}