{
  "name": "Dead Island: Riptide - Definitive Edition",
  "id": "CUSA03290",
  "version": "01.03",
  "process": "eboot.bin",
  "mods": [
    {
      "name": "Godmode",
      "hint": null,
      "type": "checkbox",
      "memory": [
        {
          "offset": "B6372C",
          "on": "909090909090909090",
          "off": "C4C17A1187140D0000"
        }
      ]
    },
    {
      "name": "Infinite Ammo",
      "hint": null,
      "type": "checkbox",
      "memory": [
        {
          "offset": "C7C71D",
          "on": "909090",
          "off": "FF4850"
        }
      ]
    },
    {
      "name": "Infinite Stamina",
      "hint": null,
      "type": "checkbox",
      "memory": [
        {
          "offset": "B51C24",
          "on": "909090909090909090",
          "off": "C4C17A1185A40D0000"
        }
      ]
    },
    {
      "name": "Infinite Rage",
      "hint": null,
      "type": "checkbox",
      "memory": [
        {
          "offset": "B7F23F",
          "on": "9090909090909090",
          "off": "C5FA1183A01C0000"
        }
      ]
    },
    {
      "name": "Infinite Weapon Durability",
      "hint": null,
      "type": "checkbox",
      "memory": [
        {
          "offset": "7D2156",
          "on": "9090909090",
          "off": "C5FA114B04"
        }
      ]
    },
    {
      "name": "Get Money For Spending It",
      "hint": null,
      "type": "checkbox",
      "memory": [
        {
          "offset": "B79480",
          "on": "01D9",
          "off": "29D9"
        }
      ]
    },
    {
      "name": "Get Max XP For 1 Kill",
      "hint": null,
      "type": "checkbox",
      "memory": [
        {
          "offset": "BC5E47",
          "on": "48C7C0FFE0F5054C63F689D3909090",
          "off": "488B87800000004C63F689D34C01F0"
        }
      ]
    }
  ],
  "credits": [
    "DeathRGH"
  ]
}