{
  "name": "Resident Evil 4",
  "id": "CUSA04885",
  "version": "01.00",
  "process": "eboot.bin",
  "mods": [
    {
      "name": "Godmode",
      "hint": null,
      "type": "checkbox",
      "memory": [
        {
          "offset": "608A26",
          "on": "909090909090900F",
          "off": "668988185000000F"
        }
      ]
    },
    {
      "name": "Modded Stock Ammo",
      "hint": null,
      "type": "checkbox",
      "memory": [
        {
          "offset": "6E0DEE",
          "on": "6641014F02E9E002",
          "off": "6641894F02E9E002"
        }
      ]
    }
  ],
  "credits": [
    "PS4Guru"
  ]
}