{
  "name": "Dying Light: The Following – Enhanced Edition",
  "id": "CUSA03946",
  "version": "01.07",
  "process": "eboot.bin",
  "mods": [
    {
      "name": "Max Infinite Health",
      "type": "checkbox",
      "memory": [
        {
          "offset": "AA54D6",
          "on": "C5FA119304120000",
          "off": "C5FA118304120000"
        }
      ]
    },
    {
      "name": "Max Infinite Cash",
      "type": "checkbox",
      "memory": [
        {
          "offset": "2073800",
          "on": "0F4EC841C7453CFFC99A3BE9D6AFB5FE",
          "off": "00000000000000000000000000000000"
        },
        {
          "offset": "BCE7DF",
          "on": "E91C504A019090",
          "off": "0F4EC841894D3C"
        }
      ]
    },
    {
      "name": "Max Skill Points (Deactivate After Get)",
      "type": "checkbox",
      "memory": [
        {
          "offset": "20738AB",
          "on": "66C7441820FA00E9E7F9AAFE",
          "off": "000000000000000000000000"
        },
        {
          "offset": "B23298",
          "on": "E90E06550190",
          "off": "6644897C1820"
        }
      ]
    },
    {
      "name": "Infinite Ammo",
      "type": "checkbox",
      "memory": [
        {
          "offset": "2073814",
          "on": "C744080478000000E936BAB5FE",
          "off": "00000000000000000000000000"
        },
        {
          "offset": "BCF252",
          "on": "E9BD454A01",
          "off": "44897C0804"
        }
      ]
    },
    {
      "name": "Bottomless Clip/No Reload",
      "type": "checkbox",
      "memory": [
        {
          "offset": "616B06",
          "on": "498917",
          "off": "418907"
        }
      ]
    },
    {
      "name": "Lock Resources (Sell, Deactivate, Buy Back)",
      "type": "checkbox",
      "memory": [
        {
          "offset": "616B0B",
          "on": "909090",
          "off": "458937"
        }
      ]
    },
    {
      "name": "Infinite UV Light",
      "type": "checkbox",
      "memory": [
        {
          "offset": "2073825",
          "on": "C7070000803FC5FA1007E91142B1FE",
          "off": "000000000000000000000000000000"
        },
        {
          "offset": "B87A3D",
          "on": "E9E3BD4E01909090",
          "off": "C5EA5CC0C5FA1107"
        }
      ]
    },
    {
      "name": "Infinite Grappling Hook Stamina",
      "type": "checkbox",
      "memory": [
        {
          "offset": "2073838",
          "on": "41C7464000002040C4C17A104640E9B5DDC0FE",
          "off": "00000000000000000000000000000000000000"
        },
        {
          "offset": "C815FA",
          "on": "E939223F0190",
          "off": "C4C17A114640"
        }
      ]
    },
    {
      "name": "Infinite Weapon Durability And Buggy Components",
      "type": "checkbox",
      "memory": [
        {
          "offset": "207384F",
          "on": "C7430400007A44C5FA104304E9EB365AFE",
          "off": "0000000000000000000000000000000000"
        },
        {
          "offset": "616F46",
          "on": "E904C9A501",
          "off": "C5FA114304"
        }
      ]
    },
    {
      "name": "Infinite Stamina",
      "type": "checkbox",
      "memory": [
        {
          "offset": "2073894",
          "on": "41C747100000803FC4C17A105710E9AD85B7FE",
          "off": "00000000000000000000000000000000000000"
        },
        {
          "offset": "BEBE4E",
          "on": "E9417A480190",
          "off": "C4C17A115710"
        }
      ]
    },
    {
      "name": "Infinite NOS (The Following Only)",
      "type": "checkbox",
      "memory": [
        {
          "offset": "207387F",
          "on": "C7471000004843C5FA104710E92DF7F0FE",
          "off": "0000000000000000000000000000000000"
        },
        {
          "offset": "F82FB8",
          "on": "E9C2080F01",
          "off": "C5FA104710"
        }
      ]
    },
    {
      "name": "Infinite Fuel (The Following Only)",
      "type": "checkbox",
      "memory": [
        {
          "offset": "2073864",
          "on": "C783200300000000E040C5FA108320030000E96EABEFFE",
          "off": "0000000000000000000000000000000000000000000000"
        },
        {
          "offset": "F6E3E1",
          "on": "E97E541001909090",
          "off": "C5FA118320030000"
        }
      ]
    }
  ],
  "credits": [
    "Arafat"
  ]
}