{
  "name": "Watch Dogs",
  "id": "CUSA00016",
  "version": "01.00",
  "process": "eboot.bin",
  "mods": [
    {
      "name": "Infinite Ammo",
      "hint": null,
      "type": "checkbox",
      "memory": [
        {
          "offset": "7B3C06",
          "on": "9090909090909090",
          "off": "41FF8C2490000000"
        }
      ]
    },
    {
      "name": "Infinite Battery",
      "hint": null,
      "type": "checkbox",
      "memory": [
        {
          "offset": "4BFF82",
          "on": "C683E8000000FF9090",
          "off": "0F47C68983E8000000"
        }
      ]
    }
  ],
  "credits": [
    "golden"
  ]
}