{
  "name": "Homefront®: The Revolution",
  "id": "CUSA00938",
  "version": "01.00",
  "process": "eboot.bin",
  "mods": [
    {
      "name": "Godmode",
      "type": "checkbox",
      "memory": [
        {
          "offset": "15AE17",
          "on": "9090909090909090",
          "off": "49898C2498020000"
        }
      ]
    },
    {
      "name": "Infinite Item and Ammo",
      "type": "checkbox",
      "memory": [
        {
          "offset": "1832A03",
          "on": "9090",
          "off": "8918"
        }
      ]
    },
    {
      "name": "No Reload",
      "type": "checkbox",
      "memory": [
        {
          "offset": "8B400E",
          "on": "9090909090",
          "off": "4189540808"
        }
      ]
    },
    {
      "name": "Infinite Hack Time",
      "type": "checkbox",
      "memory": [
        {
          "offset": "7FED74",
          "on": "93",
          "off": "8B"
        }
      ]
    }
  ],
  "credits": [
    "Fullcodes"
  ]
}