{
  "name": "Pillars of Eternity: Complete Edition",
  "id": "CUSA06880",
  "version": "01.00",
  "process": "eboot.bin",
  "mods": [
    {
      "name": "Infinite Health and Endurance",
      "type": "checkbox",
      "memory": [
        {
          "offset": "11CD223",
          "on": "41807D7800752C4180BDCB0300000075224180BDB404000000751841C7858800000000409C4641C7858C00000000409C46EB09F3450F11BD8C000000E9798F2A7F",
          "off": "0000000000000000000000000000000000000000000000000000000000000000000000000000000000000000000000000000000000000000000000000000000000"
        },
        {
          "offset": "804761D4",
          "on": "E94A70D58090909090",
          "off": "F3450F11BD8C000000"
        }
      ]
    },
    {
      "name": "Max Exp",
      "type": "checkbox",
      "memory": [
        {
          "offset": "11CD266",
          "on": "B830E6020041898640020000E96434FA7E",
          "off": "0000000000000000000000000000000000"
        },
        {
          "offset": "801706D4",
          "on": "E98DCB05819090",
          "off": "41898640020000"
        }
      ]
    },
    {
      "name": "Duplicate Item by 5 (move item to item / split / stash)",
      "type": "checkbox",
      "memory": [
        {
          "offset": "11CD279",
          "on": "41BF0500000045897E184C8B3424E99EAE487F",
          "off": "00000000000000000000000000000000000000"
        },
        {
          "offset": "80658122",
          "on": "E95251B780909090",
          "off": "45897E184C8B3424"
        }
      ]
    },
    {
      "name": "Max Gold (buy)",
      "type": "checkbox",
      "memory": [
        {
          "offset": "11CD28E",
          "on": "C740107F96184BE98CB8247F",
          "off": "000000000000000000000000"
        },
        {
          "offset": "80418B20",
          "on": "E96947DB8090",
          "off": "F3440F117810"
        }
      ]
    },
    {
      "name": "Attributes 950 (hero creation / Shop Re Train hero)",
      "type": "checkbox",
      "memory": [
        {
          "offset": "11CD29C",
          "on": "486308FFC1B9B60300008908E93F66177F",
          "off": "0000000000000000000000000000000000"
        },
        {
          "offset": "803438E5",
          "on": "E9B299E8809090",
          "off": "486308FFC18908"
        },
        {
          "offset": "11CD2AF",
          "on": "486308FFC9B9B60300008908E9CC66177F",
          "off": "0000000000000000000000000000000000"
        },
        {
          "offset": "80343985",
          "on": "E92599E8809090",
          "off": "486308FFC98908"
        }
      ]
    }
  ],
  "credits": [
    "d01v"
  ]
}