{
  "name": "MLB® The Show™ 17",
  "id": "CUSA06387",
  "version": "01.03",
  "process": "eboot.bin",
  "mods": [
    {
      "name": "Hold Right-Dpad To Hit Homerun",
      "type": "checkbox",
      "memory": [
        {
          "offset": "18C3800",
          "on": "4589B424042F000048B88883400008000000488B004883E0200F85346A90FFE98A6990FF",
          "off": "000000000000000000000000000000000000000000000000000000000000000000000000"
        },
        {
          "offset": "11CA1A6",
          "on": "E955966F00909090",
          "off": "4589B424042F0000"
        }
      ]
    }
  ],
  "credits": [
    "nolberto82"
  ]
}