{
  "name": "Monster Boy and the Cursed Kingdom",
  "id": "CUSA05011",
  "version": "01.04",
  "process": "eboot.bin",
  "mods": [
    {
      "name": "1 Hit Kills Boss",
      "type": "checkbox",
      "memory": [
        {
          "offset": "608E90",
          "on": "C7833810000000000000E94A31ADFF",
          "off": "000000000000000000000000000000"
        },
        {
          "offset": "DBFE3",
          "on": "E9A8CE520090",
          "off": "898B38100000"
        }
      ]
    },
    {
      "name": "1 Hit Kills Enemy",
      "type": "checkbox",
      "memory": [
        {
          "offset": "608ED0",
          "on": "C7833810000000000000E9C200B4FF",
          "off": "000000000000000000000000000000"
        },
        {
          "offset": "148F9B",
          "on": "E930FF4B0090",
          "off": "898B38100000"
        }
      ]
    },
    {
      "name": "Infinte Health",
      "type": "checkbox",
      "memory": [
        {
          "offset": "608A20",
          "on": "8B8840990000C68040990000C8C68044990000C8E9CFEDC5FF",
          "off": "00000000000000000000000000000000000000000000000000"
        },
        {
          "offset": "267802",
          "on": "E919123A0090",
          "off": "8B8840990000"
        }
      ]
    },
    {
      "name": "Infinite Oxygen",
      "type": "checkbox",
      "memory": [
        {
          "offset": "21CBD0",
          "on": "C3",
          "off": "55"
        }
      ]
    },
    {
      "name": "Flying Dragon Form Auto Charge",
      "type": "checkbox",
      "memory": [
        {
          "offset": "20DCA0",
          "on": "0F4CC8",
          "off": "0F4FC8"
        }
      ]
    },
    {
      "name": "Infinite Dash Human",
      "type": "checkbox",
      "memory": [
        {
          "offset": "608D90",
          "on": "B863000000E92CDFBFFF",
          "off": "00000000000000000000"
        },
        {
          "offset": "206CC0",
          "on": "E9CB20400090",
          "off": "8B875CA90000"
        }
      ]
    },
    {
      "name": "Infinite Dash Lion",
      "type": "checkbox",
      "memory": [
        {
          "offset": "608F10",
          "on": "B864000000418987EC2E0000E9707BBFFF",
          "off": "0000000000000000000000000000000000"
        },
        {
          "offset": "200A8A",
          "on": "E9818440009090",
          "off": "418B87EC2E0000"
        }
      ]
    },
    {
      "name": "Infinite Jump ( Use Double Jump Boots )",
      "type": "checkbox",
      "memory": [
        {
          "offset": "1D7B29",
          "on": "9090909090909090",
          "off": "41FF84247CB90000"
        }
      ]
    },
    {
      "name": "Max Coin",
      "type": "checkbox",
      "memory": [
        {
          "offset": "608A90",
          "on": "E865B6A0FFB87F9698008901E93C85BFFF",
          "off": "0000000000000000000000000000000000"
        },
        {
          "offset": "200FD6",
          "on": "E9B57A40009090",
          "off": "E82531E1FF8B00"
        }
      ]
    },
    {
      "name": "Change Size Character To Big",
      "type": "checkbox",
      "memory": [
        {
          "offset": "608B20",
          "on": "6681FCD0A6740EC4C17A109EF8000000E9CE2AB4FF41C786F80000000000004041C786FC00000000000040C4C17A109EF8000000E9AA2AB4FF",
          "off": "000000000000000000000000000000000000000000000000000000000000000000000000000000000000000000000000000000000000000000"
        },
        {
          "offset": "14B5FA",
          "on": "E921D54B0090909090",
          "off": "C4C17A109EF8000000"
        }
      ]
    },
    {
      "name": "Change Size Character To Normal",
      "type": "checkbox",
      "memory": [
        {
          "offset": "608AE0",
          "on": "6681FCD0A6740EC4C17A109EF8000000E90E2BB4FF41C786F80000000000803F41C786FC0000000000803FC4C17A109EF8000000E9EA2AB4FF",
          "off": "000000000000000000000000000000000000000000000000000000000000000000000000000000000000000000000000000000000000000000"
        },
        {
          "offset": "14B5FA",
          "on": "E9E1D44B0090909090",
          "off": "C4C17A109EF8000000"
        }
      ]
    },
    {
      "name": "Character Movement Fast",
      "type": "checkbox",
      "memory": [
        {
          "offset": "608DF0",
          "on": "6681FC40A7740EC4C17A1085F40C0000E9B1C9B3FF41C785F40C00000000404041C785C00A00000000C03FC4C17A1085F40C0000E98DC9B3FF",
          "off": "000000000000000000000000000000000000000000000000000000000000000000000000000000000000000000000000000000000000000000"
        },
        {
          "offset": "1457AD",
          "on": "E93E364C0090909090",
          "off": "C4C17A1085F40C0000"
        }
      ]
    },
    {
      "name": "Character Movement Normal",
      "type": "checkbox",
      "memory": [
        {
          "offset": "608E50",
          "on": "6681FC40A7740EC4C17A1085F40C0000E951C9B3FF41C785F40C00000000803F41C785C00A00000000803FC4C17A1085F40C0000E92DC9B3FF",
          "off": "000000000000000000000000000000000000000000000000000000000000000000000000000000000000000000000000000000000000000000"
        },
        {
          "offset": "1457AD",
          "on": "E99E364C0090909090",
          "off": "C4C17A1085F40C0000"
        }
      ]
    },
    {
      "name": "Have All Characters",
      "type": "checkbox",
      "memory": [
        {
          "offset": "608C50",
          "on": "B03F8883582F0000E9AF2AD4FF",
          "off": "00000000000000000000000000"
        },
        {
          "offset": "34B706",
          "on": "E945D52B0090",
          "off": "8B83F02E0000"
        }
      ]
    },
    {
      "name": "Have All Weapons, Shields, Armor,Bracelets, Boots",
      "type": "checkbox",
      "memory": [
        {
          "offset": "608CE0",
          "on": "E815B4A0FFB0FF8801884108884110884118E9E465D1FF",
          "off": "0000000000000000000000000000000000000000000000"
        },
        {
          "offset": "31F2D3",
          "on": "E9089A2E00909090",
          "off": "E8284ECFFF488B00"
        }
      ]
    },
    {
      "name": "Have All Talisman",
      "type": "checkbox",
      "memory": [
        {
          "offset": "608D30",
          "on": "E8C5B3A0FF415041B001448801448841084488411044884118448841204158E97F27D4FF",
          "off": "000000000000000000000000000000000000000000000000000000000000000000000000"
        },
        {
          "offset": "34B4CA",
          "on": "E961D82B0090909090",
          "off": "E8318CCCFF48833800"
        }
      ]
    },
    {
      "name": "Multi Jump",
      "type": "checkbox",
      "memory": [
        {
          "offset": "1D889A",
          "on": "4883C801",
          "off": "4883C804"
        }
      ]
    },
    {
      "name": "Moon Jump",
      "type": "checkbox",
      "memory": [
        {
          "offset": "1D8886",
          "on": "E95002000090",
          "off": "0F8E4F020000"
        }
      ]
    },
    {
      "name": "Infinite Magic Cast",
      "type": "checkbox",
      "memory": [
        {
          "offset": "7FC5E360",
          "on": "66C78483D02E00006300E955E65680",
          "off": "000000000000000000000000000000"
        },
        {
          "offset": "1CC9BC",
          "on": "E99F19A97F909090",
          "off": "4429BC83D02E0000"
        }
      ]
    },
    {
      "name": "Potions x99(on buy)",
      "type": "checkbox",
      "memory": [
        {
          "offset": "7FC5EAB0",
          "on": "C6831431000063E91D5E6F80",
          "off": "000000000000000000000000"
        },
        {
          "offset": "3548D2",
          "on": "E9D9A1907F9090",
          "off": "4489BB14310000"
        }
      ]
    },
    {
      "name": "Potion x147( on use)",
      "type": "checkbox",
      "memory": [
        {
          "offset": "7FC5FE40",
          "on": "41C7861431000093000000E913955680",
          "off": "00000000000000000000000000000000"
        },
        {
          "offset": "1C935C",
          "on": "E9DF6AA97F9090",
          "off": "41FF8E14310000"
        }
      ]
    },
    {
      "name": "Legendary gems x50 (on spent have 2 units)",
      "type": "checkbox",
      "memory": [
        {
          "offset": "7FC5EC80",
          "on": "498D9718570000C60232E942926C80",
          "off": "000000000000000000000000000000"
        },
        {
          "offset": "327EC8",
          "on": "E9B36D937F90909090",
          "off": "498D9718570000280A"
        }
      ]
    },
    {
      "name": "Rain Drops x99 (on gain/buy)",
      "type": "checkbox",
      "memory": [
        {
          "offset": "7FEA7DD0",
          "on": "C683A954000032E9E6CE4A80",
          "off": "000000000000000000000000"
        },
        {
          "offset": "354CBB",
          "on": "E91031B57F9090",
          "off": "4488B3A9540000"
        }
      ]
    },
    {
      "name": "Rain Drops x99 (on spent for gold)",
      "type": "checkbox",
      "memory": [
        {
          "offset": "7FEA7E30",
          "on": "C683A954000063E92FE34A80",
          "off": "000000000000000000000000"
        },
        {
          "offset": "356164",
          "on": "E9C71CB57F9090",
          "off": "4428B3A9540000"
        }
      ]
    },
    {
      "name": "Rain Drops x99 (on spent for treasure maps)",
      "type": "checkbox",
      "memory": [
        {
          "offset": "7FEA7EE0",
          "on": "C683A954000063E99AE14A80",
          "off": "000000000000000000000000"
        },
        {
          "offset": "35607F",
          "on": "E95C1EB57F9090",
          "off": "4428B3A9540000"
        }
      ]
    },
    {
      "name": "Power Gems x99 (on gain have 2 units)",
      "type": "checkbox",
      "memory": [
        {
          "offset": "7FEA5EC0",
          "on": "C683A854000063E9070F3280",
          "off": "000000000000000000000000"
        },
        {
          "offset": "1C6DCD",
          "on": "E9EEF0CD7F90",
          "off": "FE83A8540000"
        }
      ]
    },
    {
      "name": "Golden Gems x99 (on gain have 2 units)",
      "type": "checkbox",
      "memory": [
        {
          "offset": "7FEA7E10",
          "on": "C6832257000063E989F13180",
          "off": "000000000000000000000000"
        },
        {
          "offset": "1C6F9F",
          "on": "E96C0ECE7F90",
          "off": "FE8322570000"
        }
      ]
    }
  ],
  "credits": [
    "Gatot Kaca And Wander"
  ]
}