{
  "name": "Far Cry® 5",
  "id": "CUSA05847",
  "version": "01.00",
  "process": "eboot.bin",
  "mods": [
    {
      "name": "Bottomless Clip",
      "type": "checkbox",
      "memory": [
        {
          "offset": "3602297",
          "on": "90909090909090",
          "off": "4489BB88010000"
        }
      ]
    },
    {
      "name": "Infinite Resources/Medkits/Throwables/Ammo(reloadable)",
      "type": "checkbox",
      "memory": [
        {
          "offset": "1115B97",
          "on": "909090",
          "off": "89434C"
        }
      ]
    },
    {
      "name": "Earn Skill Points On Spend",
      "type": "checkbox",
      "memory": [
        {
          "offset": "31CAB9C",
          "on": "4401BBD8000000",
          "off": "4429BBD8000000"
        }
      ]
    }
  ],
  "credits": [
    "Arafat"
  ]
}