{
  "name": "Tales of Zestiria™",
  "id": "CUSA02510",
  "version": "01.01",
  "process": "eboot.bin",
  "mods": [
    {
      "name": "Max Experience",
      "type": "checkbox",
      "memory": [
        {
          "offset": "114FBD0",
          "on": "418180D8280000FFE0F505E9643B27FF57616E646572204657392E3030",
          "off": "00000000000000000000000000000000"
        },
        {
          "offset": "3C373D",
          "on": "E98EC4D8009090",
          "off": "4101B0D8280000"
        }
      ]
    },
    {
      "name": "999 items (on use/get)",
      "type": "checkbox",
      "memory": [
        {
          "offset": "114FA50",
          "on": "428B14B16642C704B1E703E994C439FF57616E646572204657392E3030",
          "off": "00000000000000000000000000000000"
        },
        {
          "offset": "4EBEEC",
          "on": "E95F3BC600909090",
          "off": "428B14B146893CB1"
        }
      ]
    },
    {
      "name": "Max Gald (on buy)",
      "type": "checkbox",
      "memory": [
        {
          "offset": "114FC70",
          "on": "0F4ECEC700FFE0F505E94CCA32FF57616E646572204657392E3030",
          "off": "0000000000000000000000000000"
        },
        {
          "offset": "47C6C5",
          "on": "E9A635CD00",
          "off": "0F4ECE8908"
        }
      ]
    }
  ],
  "credits": [
    "Wander FW9.00"
  ]
}