{
  "name": "Doom",
  "id": "CUSA02092",
  "version": "01.00",
  "process": "eboot.bin",
  "mods": [
    {
      "name": "Godmode",
      "hint": null,
      "type": "checkbox",
      "memory": [
        {
          "offset": "25BA033",
          "on": "90909090909090",
          "off": "C4C379175D0001"
        }
      ]
    },
    {
      "name": "Infinite Ammo",
      "hint": null,
      "type": "checkbox",
      "memory": [
        {
          "offset": "EB1699",
          "on": "90909090",
          "off": "44897338"
        }
      ]
    }
  ],
  "credits": [
    "Talixme"
  ]
}