{
  "name": "Shadow of the Beast™",
  "id": "CUSA02871",
  "version": "01.00",
  "process": "eboot.bin",
  "mods": [
    {
      "name": "Inf Health",
      "type": "checkbox",
      "memory": [
        {
          "offset": "ED183",
          "on": "4501A8E40A0000",
          "off": "4529A8E40A0000"
        }
      ]
    },
    {
      "name": "Inf Blood",
      "type": "checkbox",
      "memory": [
        {
          "offset": "3BEB800",
          "on": "41C787E80A00000000C842C4C17A1087E80A0000E9F4734EFC",
          "off": "00000000000000000000000000000000000000000000000000"
        },
        {
          "offset": "D2C04",
          "on": "E9F78BB10390909090",
          "off": "C4C17A1087E80A0000"
        }
      ]
    },
    {
      "name": "Inf Wrath of Aarbron",
      "type": "checkbox",
      "memory": [
        {
          "offset": "E5E9D",
          "on": "9090909090909090",
          "off": "41FF8C24EC0A0000"
        }
      ]
    },
    {
      "name": "Inf Mana (Enable only in Wisdom of Shadows)",
      "type": "checkbox",
      "memory": [
        {
          "offset": "3BEB800",
          "on": "B880841E00898750010000E9B63E75FC",
          "off": "00000000000000000000000000000000"
        },
        {
          "offset": "33F6C0",
          "on": "E93BC18A0390",
          "off": "8B8750010000"
        }
      ]
    },
    {
      "name": "Inf Elixir",
      "type": "checkbox",
      "memory": [
        {
          "offset": "3BEB819",
          "on": "BEE703000089B0C4000000E9EC9E5FFC",
          "off": "00000000000000000000000000000000"
        },
        {
          "offset": "1E570F",
          "on": "E90561A00390",
          "off": "8BB0C4000000"
        }
      ]
    },
    {
      "name": "Inf Shadow Stones",
      "type": "checkbox",
      "memory": [
        {
          "offset": "3BEB819",
          "on": "41BE040000004489B0C8000000E9C79450FC",
          "off": "000000000000000000000000000000000000"
        },
        {
          "offset": "F4CEB",
          "on": "E9296BAF039090",
          "off": "448BB0C8000000"
        }
      ]
    }
  ],
  "credits": [
    "Togaman Rizla"
  ]
}