{
  "name": "#KILLALLZOMBIES",
  "id": "CUSA00849",
  "version": "01.00",
  "process": "eboot.bin",
  "mods": [
    {
      "name": "Infinite Health / Armor / Ammo (Master Code)",
      "type": "checkbox",
      "memory": [
        {
          "offset": "9D2000",
          "on": "817B10C0ED8C10753748B80000000000408F40EB2B90817B10A0ED8C10752148B80000000000408F40EB15817B1070237510750C48B80000000000C0584090904889038B4108E9713088FF",
          "off": "000000000000007537000000000000000000000000000000000000000075210000000000000000000000000000000000000000000000000000000000000000000000000000000000000000"
        },
        {
          "offset": "2550B6",
          "on": "E945CF770090",
          "off": "4889038B4108"
        }
      ]
    },
    {
      "name": "Infinite Armor",
      "type": "checkbox",
      "memory": [
        {
          "offset": "9D2007",
          "on": "750D",
          "off": "7537"
        }
      ]
    },
    {
      "name": "Infinite Ammo",
      "type": "checkbox",
      "memory": [
        {
          "offset": "9D201D",
          "on": "750C",
          "off": "7521"
        }
      ]
    }
  ],
  "credits": [
    "Saso_Fw_9.00"
  ]
}