{
  "name": "ARK: Survival Evolved",
  "id": "CUSA06782",
  "version": "01.00",
  "process": "eboot.bin",
  "mods": [
    {
      "name": "Infinite Status Values ",
      "hint": "Health, Water, Food, Stamina,...",
      "type": "checkbox",
      "memory": [
        {
          "offset": "4FA294",
          "on": "90909090909090909090",
          "off": "C4817A118CBD20080000"
        }
      ]
    },
    {
      "name": "Multiply Status Value x10 On Upgrade",
      "hint": null,
      "type": "checkbox",
      "memory": [
        {
          "offset": "4FF1F4",
          "on": "C4817A5984BD08010000",
          "off": "C4817A5884BD08010000"
        }
      ]
    }
  ],
  "credits": [
    "DeathRGH"
  ]
}