{
  "name": "Sniper 3",
  "id": "CUSA04854",
  "version": "01.00",
  "process": "eboot.bin",
  "mods": [
    {
      "name": "Infinite Ammo",
      "hint": null,
      "type": "checkbox",
      "memory": [
        {
          "offset": "1D26FC0",
          "on": "9090909090E9D800",
          "off": "44896C1108E9D800"
        }
      ]
    },
    {
      "name": "Unbreakable Attatchments",
      "hint": null,
      "type": "checkbox",
      "memory": [
        {
          "offset": "9AA6E0",
          "on": "9090909090C39090",
          "off": "C5FA114748C39090"
        }
      ]
    },
    {
      "name": "Everything Cost $0 When Buying",
      "hint": null,
      "type": "checkbox",
      "memory": [
        {
          "offset": "1F07F21",
          "on": "C5FA110090488B03",
          "off": "C5FA11400C488B03"
        }
      ]
    },
    {
      "name": "Unlimited Items",
      "hint": null,
      "type": "checkbox",
      "memory": [
        {
          "offset": "1D26FC0",
          "on": "41894E0C9090905B",
          "off": "41898E9C0000005B"
        }
      ]
    }
  ],
  "credits": [
    "PS4Guru"
  ]
}