{
  "name": "Outlast",
  "id": "CUSA07712",
  "version": "01.00",
  "process": "eboot.bin",
  "mods": [
    {
      "name": "Godmode",
      "hint": null,
      "type": "checkbox",
      "memory": [
        {
          "offset": "211FC1A",
          "on": "51B9003C1C46660F6EC959C4C17A118FEC310000E9A591C5FE",
          "off": "00000000000000000000000000000000000000000000000000"
        },
        {
          "offset": "D78DCF",
          "on": "E9466E3A0190909090",
          "off": "C4C17A118FEC310000"
        }
      ]
    },
    {
      "name": "Infinite BatteryLife",
      "hint": null,
      "type": "checkbox",
      "memory": [
        {
          "offset": "211FC36",
          "on": "51B90000803F660F6EC959C4C17A118F2C320000E99B58C4FE",
          "off": "00000000000000000000000000000000000000000000000000"
        },
        {
          "offset": "D654E1",
          "on": "E950A73B0190909090",
          "off": "C4C17A118F2C320000"
        }
      ]
    },
    {
      "name": "Always Max Battery",
      "hint": null,
      "type": "checkbox",
      "memory": [
        {
          "offset": "211FC49",
          "on": "518B88FC0A00008988F80A000059E95A6AC4FE",
          "off": "00000000000000000000000000000000000000"
        },
        {
          "offset": "D666B0",
          "on": " E994953B0190",
          "off": "8988F80A0000"
        }
      ]
    }
  ],
  "credits": [
    "Molly"
  ]
}