{
  "name": "FINAL FANTASY TYPE-0 HD",
  "id": "CUSA00937",
  "version": "01.00",
  "process": "eboot.bin",
  "mods": [
    {
      "name": "Godmode",
      "type": "checkbox",
      "memory": [
        {
          "offset": "77B800",
          "on": "418B8E7C08000041898E78080000E9C7C79EFF",
          "off": "00000000000000000000000000000000000000"
        },
        {
          "offset": "167FD3",
          "on": "E9283861009090",
          "off": "418B8E78080000"
        }
      ]
    },
    {
      "name": "Infinite MP",
      "type": "checkbox",
      "memory": [
        {
          "offset": "77B813",
          "on": "8B8888080000898884080000E90C289EFF",
          "off": "0000000000000000000000000000000000"
        },
        {
          "offset": "15E02A",
          "on": "E9E4D7610090",
          "off": "8B8884080000"
        }
      ]
    },
    {
      "name": "Infinite AP",
      "type": "checkbox",
      "memory": [
        {
          "offset": "77B824",
          "on": "B9E70300008988FC000000E903E49CFF",
          "off": "00000000000000000000000000000000"
        },
        {
          "offset": "149C31",
          "on": "E9EE1B630090",
          "off": "8988FC000000"
        }
      ]
    },
    {
      "name": "Infinite Money/ Gil/ VP",
      "type": "checkbox",
      "memory": [
        {
          "offset": "77B834",
          "on": "BB7F96980041895C841CE993929CFF",
          "off": "000000000000000000000000000000"
        },
        {
          "offset": "144AD1",
          "on": "E95E6D6300",
          "off": "41895C841C"
        }
      ]
    }
  ],
  "credits": [
    "Weysincha"
  ]
}