{
  "name": "Dishonored: Definitive Edition",
  "id": "CUSA02231",
  "version": "01.00",
  "process": "eboot.bin",
  "mods": [
    {
      "name": "Godmode",
      "hint": null,
      "type": "checkbox",
      "memory": [
        {
          "offset": "56B18C",
          "on": "90909090909090",
          "off": "41898600040000"
        },
        {
          "offset": "ACD503",
          "on": "90909090909090",
          "off": "4489B300040000"
        }
      ]
    },
    {
      "name": "Infinite Ammo",
      "hint": null,
      "type": "checkbox",
      "memory": [
        {
          "offset": "C8C205",
          "on": "909090",
          "off": "8914CB"
        }
      ]
    },
    {
      "name": "No Reload",
      "hint": null,
      "type": "checkbox",
      "memory": [
        {
          "offset": "CCC0DA",
          "on": "909090909090",
          "off": "898BB4010000"
        }
      ]
    },
    {
      "name": "Infinite Items",
      "hint": null,
      "type": "checkbox",
      "memory": [
        {
          "offset": "C8C076",
          "on": "9090909090909090",
          "off": "41FF8C8508010000"
        }
      ]
    },
    {
      "name": "Infinite Mana",
      "hint": null,
      "type": "checkbox",
      "memory": [
        {
          "offset": "AD7ADB",
          "on": "909090909090",
          "off": "898B680D0000"
        }
      ]
    },
    {
      "name": "Infinite Money",
      "hint": null,
      "type": "checkbox",
      "memory": [
        {
          "offset": "C8CE85",
          "on": "90909090",
          "off": "89740208"
        }
      ]
    },
    {
      "name": "Runes Code",
      "hint": " Active this cheat only for the DLC 99 Items on Pick.",
      "type": "checkbox",
      "memory": [
        {
          "offset": "20B0730",
          "on": "C644180863448B45ACE904CDBDFE",
          "off": "0000000000000000000000000000"
        },
        {
          "offset": "C8D43A",
          "on": "E9F1324201909090",
          "off": "01541808448B45AC"
        }
      ]
    }
  ],
  "credits": [
    "TLH"
  ]
}