{
  "name": "Mass Effect™: Andromeda",
  "id": "CUSA02491",
  "version": "01.00",
  "process": "eboot.bin",
  "mods": [
    {
      "name": "Infinite Health(Most enemies die)",
      "type": "checkbox",
      "memory": [
        {
          "offset": "14EAF01 ",
          "on": "E93A1FDA019090",
          "off": "C4C17A1144241C"
        },
        {
          "offset": "328CE40",
          "on": "4183BC2470FCFFFF000F84B9E025FEC4C17A1144241CE9ADE025FE",
          "off": "000000000000000000000000000000000000000000000000000000"
        }
      ]
    },
    {
      "name": "Infinite Ammo",
      "type": "checkbox",
      "memory": [
        {
          "offset": "11FFE53",
          "on": "90909090909090",
          "off": "668988F4000000"
        }
      ]
    }
  ],
  "credits": [
    "TylerMods"
  ]
}