{
  "name": "DOOM",
  "id": "CUSA02092",
  "version": "01.11",
  "process": "eboot.bin",
  "mods": [
    {
      "name": "Infinite Health + Shield",
      "type": "checkbox",
      "memory": [
        {
          "offset": "3B6F800",
          "on": "41C7450000004843488B458084C0E92B6BBEFC",
          "off": "00000000000000000000000000000000000000"
        },
        {
          "offset": "756338",
          "on": "E9C394410390",
          "off": "488B458084C0"
        }
      ]
    },
    {
      "name": "1 Hit Kill",
      "type": "checkbox",
      "memory": [
        {
          "offset": "3B6F910",
          "on": "C4C379175D000141C7471800000000E97961A9FC",
          "off": "0000000000000000000000000000000000000000"
        },
        {
          "offset": "605A96",
          "on": "E9759E56039090",
          "off": "C4C379175D0001"
        }
      ]
    },
    {
      "name": "Infinite Ammo",
      "type": "checkbox",
      "memory": [
        {
          "offset": "3B6F7A0",
          "on": "4889C74489F6C747389A020000E90DD429FD",
          "off": "000000000000000000000000000000000000"
        },
        {
          "offset": "E0CBB9",
          "on": "E9E22BD60290",
          "off": "4889C74489F6"
        }
      ]
    },
    {
      "name": "Infinite Grenades (Frag+Holograms+Siphon)",
      "type": "checkbox",
      "memory": [
        {
          "offset": "3B6F890",
          "on": "41FF8D28CB00004883F9090F851FFA18FD4883FA010F8515FA18FD41C78528CB000002000000E905FA18FD",
          "off": "00000000000000000000000000000000000000000000000000000000000000000000000000000000000000"
        },
        {
          "offset": "CFF2B9",
          "on": "E9D205E7029090",
          "off": "41FF8D28CB0000"
        },
        {
          "offset": "3B6F8E0",
          "on": "41FF8F28CB00004883FE000F854BC41AFD4981FBE11D00000F853EC41AFD41C78728CB000002000000E92EC41AFD",
          "off": "00000000000000000000000000000000000000000000000000000000000000000000000000000000000000000000"
        },
        {
          "offset": "D1BD35",
          "on": "E9A63BE5029090",
          "off": "41FF8F28CB0000"
        }
      ]
    },
    {
      "name": "Infinite Praetor Points (Need Buy Once)",
      "type": "checkbox",
      "memory": [
        {
          "offset": "3B6F8D0",
          "on": "4889DFC7433842000000E926C729FD",
          "off": "000000000000000000000000000000"
        },
        {
          "offset": "E0BFFF",
          "on": "E9CC38D60290",
          "off": "4889DF894338"
        }
      ]
    },
    {
      "name": "Infinite Weapon Points (Need Buy Once)",
      "type": "checkbox",
      "memory": [
        {
          "offset": "3B6F860",
          "on": "C783705A0500420000008B83705A0500E9723012FD",
          "off": "000000000000000000000000000000000000000000"
        },
        {
          "offset": "C928E1",
          "on": "E97ACFED0290",
          "off": "8983705A0500"
        }
      ]
    },
    {
      "name": "Infinite Jump (Need Delta V Jump-Boots)",
      "type": "checkbox",
      "memory": [
        {
          "offset": "3B6F820",
          "on": "C783941E00000000000083BB941E000002E954E179FC",
          "off": "00000000000000000000000000000000000000000000"
        },
        {
          "offset": "30D983",
          "on": "E9981E86039090",
          "off": "83BB941E000002"
        }
      ]
    },
    {
      "name": "Infinite Rune Trial Time",
      "type": "checkbox",
      "memory": [
        {
          "offset": "A6FC9F",
          "on": "909090",
          "off": "4429F0"
        }
      ]
    }
  ],
  "credits": [
    "Dioniso"
  ]
}