{
  "name": "DmC Devil May Cry: Definitive Edition",
  "id": "CUSA01022",
  "version": "01.03",
  "process": "eboot.bin",
  "mods": [
    {
      "name": "Godmode",
      "hint": null,
      "type": "checkbox",
      "memory": [
        {
          "offset": "337B00A",
          "on": "C5F25D45CC41837E3C020F856D330EFDE96D330EFD",
          "off": "000000000000000000000000000000000000000000"
        },
        {
          "offset": "45E382",
          "on": "E983CCF102",
          "off": "C5F25D45CC"
        }
      ]
    },
    {
      "name": "Earn more Red Orbs",
      "hint": null,
      "type": "checkbox",
      "memory": [
        {
          "offset": "D0B84D",
          "on": "014810",
          "off": "894810"
        }
      ]
    }
  ],
  "credits": [
    "Weysincha"
  ]
}