{
  "name": "Disgaea 5: Alliance of Vengeance",
  "id": "CUSA02629",
  "version": "01.00",
  "process": "eboot.bin",
  "mods": [
    {
      "name": "Max Money",
      "type": "checkbox",
      "memory": [
        {
          "offset": "587800",
          "on": "48B8FF7FC6A47E8D0300488987180A0000E9ABAEBBFF",
          "off": "00000000000000000000000000000000000000000000"
        },
        {
          "offset": "1426BA",
          "on": "E9415144009090",
          "off": "488987180A0000"
        }
      ]
    },
    {
      "name": "Max Mana \"Use Skill Shop\"",
      "type": "checkbox",
      "memory": [
        {
          "offset": "587816",
          "on": "B87F9698008981F82D0000E912CAE3FF",
          "off": "00000000000000000000000000000000"
        },
        {
          "offset": "3C4232",
          "on": "E9DF351C0090",
          "off": "8981F82D0000"
        }
      ]
    },
    {
      "name": "Quick Level Up",
      "type": "checkbox",
      "memory": [
        {
          "offset": "587826",
          "on": "4881C3FFE0F50549895E08E98D0EAAFF",
          "off": "00000000000000000000000000000000"
        },
        {
          "offset": "286BB",
          "on": "E966F15500909090",
          "off": "480F4FD849895E08"
        }
      ]
    },
    {
      "name": "Max Heal SP In Hospital",
      "type": "checkbox",
      "memory": [
        {
          "offset": "587836",
          "on": "48C7C07F96980048894740E9128ADFFF",
          "off": "00000000000000000000000000000000"
        },
        {
          "offset": "380250",
          "on": "E9E1752000909090",
          "off": "480F42C648894740"
        }
      ]
    },
    {
      "name": "Max Heal HP In Hospital",
      "type": "checkbox",
      "memory": [
        {
          "offset": "587846",
          "on": "48C7C07F96980048894738E9E289DFFF",
          "off": "00000000000000000000000000000000"
        },
        {
          "offset": "380230",
          "on": "E911762000909090",
          "off": "480F42C648894738"
        }
      ]
    },
    {
      "name": "Max Revive In Hospital ",
      "type": "checkbox",
      "memory": [
        {
          "offset": "587856",
          "on": "B8E703000041898668A75A00E970B2DFFF",
          "off": "0000000000000000000000000000000000"
        },
        {
          "offset": "382AD0",
          "on": "E9814D20009090",
          "off": "41898668A75A00"
        }
      ]
    },
    {
      "name": "Quick Level Up Skill Power ",
      "type": "checkbox",
      "memory": [
        {
          "offset": "587867",
          "on": "B0094188470AE9F5C9E3FF",
          "off": "0000000000000000000000"
        },
        {
          "offset": "3C425F",
          "on": "E903361C00909090",
          "off": "480F4DC24188470A"
        }
      ]
    },
    {
      "name": "Quickly Gain Customer Rank",
      "type": "checkbox",
      "memory": [
        {
          "offset": "587872",
          "on": "4981C4FFC99A3B4D01A7200A0000E99D6CE1FF",
          "off": "00000000000000000000000000000000000000"
        },
        {
          "offset": "39E51B",
          "on": "E952931E009090",
          "off": "4D01A7200A0000"
        }
      ]
    },
    {
      "name": "Quickly Gain \"Item World\" Prizes",
      "type": "checkbox",
      "memory": [
        {
          "offset": "587885",
          "on": "48C7C05C120000488987C8000000E9BA86DFFF",
          "off": "00000000000000000000000000000000000000"
        },
        {
          "offset": "37FF4B",
          "on": "E9357920009090",
          "off": "488987C8000000"
        }
      ]
    },
    {
      "name": "Quickly Gain \"Range\" Skill Shop",
      "type": "checkbox",
      "memory": [
        {
          "offset": "587898",
          "on": "B0084188470BE952C8E3FF",
          "off": "0000000000000000000000"
        },
        {
          "offset": "3C40ED",
          "on": "E9A6371C00909090",
          "off": "480F4DC24188470B"
        }
      ]
    },
    {
      "name": "Max Item Points \"Item World\"",
      "type": "checkbox",
      "memory": [
        {
          "offset": "5878A3",
          "on": "48C7C3FFC99A3B488998300A0000E91FFFD4FF",
          "off": "00000000000000000000000000000000000000"
        },
        {
          "offset": "2D77CE",
          "on": "E9D0002B009090",
          "off": "488998300A0000"
        }
      ]
    },
    {
      "name": "Quickly Level Up Squads ",
      "type": "checkbox",
      "memory": [
        {
          "offset": "587800",
          "on": "41B89F8601004689843BC8C58700E97E17B1FF",
          "off": "00000000000000000000000000000000000000"
        },
        {
          "offset": "98F89",
          "on": "E972E84E00909090",
          "off": "4689843BC8C58700"
        }
      ]
    }
  ],
  "credits": [
    "Molly"
  ]
}