{
  "name": "Dishonored 2",
  "id": "CUSA04806",
  "version": "01.00",
  "process": "eboot.bin",
  "mods": [
    {
      "name": "Infinite Magic",
      "type": "checkbox",
      "memory": [
        {
          "offset": "15360D5",
          "on": "9090909090",
          "off": "9090909090"
        }
      ]
    },
    {
      "name": "Infinite Items / Ammo",
      "type": "checkbox",
      "memory": [
        {
          "offset": "12D078C",
          "on": "90909090",
          "off": "90909090"
        }
      ]
    }
  ],
  "credits": [
    "Talixme"
  ]
}