{
  "name": "The Amazing Spider-Man 2",
  "id": "CUSA00394",
  "version": "01.00",
  "process": "eboot.bin",
  "mods": [
    {
      "name": "Godmode",
      "hint": null,
      "type": "checkbox",
      "memory": [
        {
          "offset": "1A0458837",
          "on": "909090",
          "off": "448930"
        }
      ]
    },
    {
      "name": "2x Skill Points After Use",
      "hint": null,
      "type": "checkbox",
      "memory": [
        {
          "offset": "1A04A38A5",
          "on": "01",
          "off": "89"
        }
      ]
    }
  ],
  "credits": [
    "Talixme"
  ]
}