{
  "name": "Devil May Cry 5",
  "id": "CUSA08216",
  "version": "01.10",
  "process": "eboot.bin",
  "mods": [
    {
      "name": "(Virgil) Infinite Health/1 Hit Kill (Master Code)",
      "type": "checkbox",
      "memory": [
        {
          "offset": "8A47E70",
          "on": "664181FAD0EB750EC4C17A114610E94DEC55F90F57C0C4C17A114610E93FEC55F943656C6F67616D657A5F392E3030",
          "off": "000000000000000000000000000000000000000000000000000000000000000000"
        },
        {
          "offset": "1FA6ACA",
          "on": "E9A113AA0690",
          "off": "C4C17A114610"
        }
      ]
    },
    {
      "name": "(Virgil) Infinite Health (Enable MC)",
      "type": "checkbox",
      "memory": [
        {
          "offset": "8A47E78",
          "on": "C4C17A104610",
          "off": "C4C17A114610"
        }
      ]
    },
    {
      "name": "(Virgil) 1 Hit Kill (Enable MC)",
      "type": "checkbox",
      "memory": [
        {
          "offset": "8A47E76",
          "on": "750B",
          "off": "750E"
        }
      ]
    },
    {
      "name": "(Virgil) Max/Infinite Devil Triger",
      "type": "checkbox",
      "memory": [
        {
          "offset": "7FC5E8C0",
          "on": "41C786201B000000401C46E9AB0ABA80",
          "off": "00000000000000000000000000000000"
        },
        {
          "offset": "7FF372",
          "on": "E949F5457F90909090",
          "off": "C4C17A1186201B0000"
        }
      ]
    },
    {
      "name": "(Virgil) Max/Infinite Virgil's Concentration",
      "type": "checkbox",
      "memory": [
        {
          "offset": "7FC5E0E0",
          "on": "90E95F306081",
          "off": "000000000000"
        },
        {
          "offset": "126113D",
          "on": "E99ECF9F7E909090",
          "off": "C5FA10A0501B0000"
        }
      ]
    },
    {
      "name": "(Nero) Infinite Health/1 Hit Kill (Master Code)",
      "type": "checkbox",
      "memory": [
        {
          "offset": "8A47E70",
          "on": "664181FA28FB750EC4C17A114610E94DEC55F90F57C0C4C17A114610E93FEC55F943656C6F67616D657A5F392E3030",
          "off": "000000000000000000000000000000000000000000000000000000000000000000"
        },
        {
          "offset": "1FA6ACA",
          "on": "E9A113AA0690",
          "off": "C4C17A114610"
        }
      ]
    },
    {
      "name": "(Nero) Infinite Health (Enable MC)",
      "type": "checkbox",
      "memory": [
        {
          "offset": "8A47E78",
          "on": "909090909090",
          "off": "C4C17A114610"
        }
      ]
    },
    {
      "name": "(Nero) 1 Hit Kill (Enable MC)",
      "type": "checkbox",
      "memory": [
        {
          "offset": "8A47E76",
          "on": "750B",
          "off": "750E"
        }
      ]
    },
    {
      "name": "(Nero) Devil Breakers Equipment x999 (Buy In Shop)",
      "type": "checkbox",
      "memory": [
        {
          "offset": "7FC5DB90",
          "on": "0F4FCEC7449020E7030000E9033BFF82",
          "off": "00000000000000000000000000000000"
        },
        {
          "offset": "2C5169C",
          "on": "E9EFC4007D9090",
          "off": "0F4FCE894C9020"
        }
      ]
    },
    {
      "name": "(Nero) Infinite Devil Breakers",
      "type": "checkbox",
      "memory": [
        {
          "offset": "7FC5CB80",
          "on": "41BE070000004489B3CC170000E93FB9F083",
          "off": "000000000000000000000000000000000000"
        },
        {
          "offset": "3B684CA",
          "on": "E9B1460F7C9090",
          "off": "4489B3CC170000"
        }
      ]
    },
    {
      "name": "(Nero) Infinite Exceed",
      "type": "checkbox",
      "memory": [
        {
          "offset": "7FC5FAA0",
          "on": "FFCABA03000000E98A31F183",
          "off": "000000000000000000000000"
        },
        {
          "offset": "3B72C31",
          "on": "E96ACE0E7C",
          "off": "FFCA895018"
        }
      ]
    },
    {
      "name": "(Nero) Instant Fill Exceed",
      "type": "checkbox",
      "memory": [
        {
          "offset": "7FC5DB90",
          "on": "FFC1B90300000041894E18E9DA355B82",
          "off": "00000000000000000000000000000000"
        },
        {
          "offset": "2211174",
          "on": "E917CAA47D90",
          "off": "FFC141894E18"
        }
      ]
    },
    {
      "name": "(Nero) Infinite Bullets",
      "type": "checkbox",
      "memory": [
        {
          "offset": "7FC5EDB0",
          "on": "B80600000041898720030000E9381B5082",
          "off": "0000000000000000000000000000000000"
        },
        {
          "offset": "21608F2",
          "on": "E9B9E4AF7D9090",
          "off": "41898720030000"
        }
      ]
    },
    {
      "name": "(V) Infinite Health/1 Hit Kill (Master Code)",
      "type": "checkbox",
      "memory": [
        {
          "offset": "8A47BA0",
          "on": "664181FA90F0750EC4C17A114610E91DEF55F90F57C0C4C17A114610E90FEF55F943656C6F67616D657A5F392E3030",
          "off": "000000000000000000000000000000000000000000000000000000000000000000"
        },
        {
          "offset": "1FA6ACA",
          "on": "E9D110AA0690",
          "off": "C4C17A114610"
        }
      ]
    },
    {
      "name": "(V) Infinite Health (Enable MC)",
      "type": "checkbox",
      "memory": [
        {
          "offset": "8A47BA8",
          "on": "909090909090",
          "off": "C4C17A114610"
        }
      ]
    },
    {
      "name": "(V) 1 Hit Kill (Enable MC)",
      "type": "checkbox",
      "memory": [
        {
          "offset": "8A47BA6",
          "on": "750B",
          "off": "750E"
        }
      ]
    },
    {
      "name": "(Dante) Infinite Health/1 Hit Kill (Master Code)",
      "type": "checkbox",
      "memory": [
        {
          "offset": "8A47F40",
          "on": "664181FAC0D2750EC4C17A114610E97DEB55F90F57C0C4C17A114610E96FEB55F943656C6F67616D657A5F392E3030",
          "off": "000000000000000000000000000000000000000000000000000000000000000000"
        },
        {
          "offset": "1FA6ACA",
          "on": "E97114AA0690",
          "off": "C4C17A114610"
        }
      ]
    },
    {
      "name": "(Dante) Infinite Health (Enable MC)",
      "type": "checkbox",
      "memory": [
        {
          "offset": "8A47F48",
          "on": "909090909090",
          "off": "C4C17A114610"
        }
      ]
    },
    {
      "name": "(Dante) 1 Hit Kill (Enable MC)",
      "type": "checkbox",
      "memory": [
        {
          "offset": "8A47F46",
          "on": "750B",
          "off": "750E"
        }
      ]
    },
    {
      "name": "(Dante) Infinite Royal Revenge",
      "type": "checkbox",
      "memory": [
        {
          "offset": "7FC5DE10",
          "on": "C740280060EA46E91D52F282",
          "off": "000000000000000000000000"
        },
        {
          "offset": "2B83034",
          "on": "E9D7AD0D7D",
          "off": "C5FA114028"
        }
      ]
    },
    {
      "name": "(Dante) Instant Fill Royal Guard",
      "type": "checkbox",
      "memory": [
        {
          "offset": "7FC5D5D0",
          "on": "C740280060EA46E91B64F282",
          "off": "000000000000000000000000"
        },
        {
          "offset": "2B839F2",
          "on": "E9D99B0D7D",
          "off": "C5FA114028"
        }
      ]
    },
    {
      "name": "(Dante) Infinite Royal Release",
      "type": "checkbox",
      "memory": [
        {
          "offset": "7FC5DB70",
          "on": "90E9254BF282",
          "off": "000000000000"
        },
        {
          "offset": "2B82694",
          "on": "E9D7B40D7D9090",
          "off": "C7402800000000"
        }
      ]
    },
    {
      "name": "(Dante) Max/Infinite Devil Triger",
      "type": "checkbox",
      "memory": [
        {
          "offset": "7FC5E7B0",
          "on": "C783141A000000401C46E9E08EF382",
          "off": "000000000000000000000000000000"
        },
        {
          "offset": "2B97697",
          "on": "E914710C7D909090",
          "off": "C5FA1183141A0000"
        }
      ]
    },
    {
      "name": "Max/Infinite Devil Triger Bar",
      "type": "checkbox",
      "memory": [
        {
          "offset": "7FC5DE20",
          "on": "C783101100000000FA45E94DC8A282",
          "off": "000000000000000000000000000000"
        },
        {
          "offset": "268A674",
          "on": "E9A7375D7D909090",
          "off": "C5FA118310110000"
        }
      ]
    },
    {
      "name": "Max/Infinite Red Orbs On Gain/Buy/Use",
      "type": "checkbox",
      "memory": [
        {
          "offset": "7FC5C180",
          "on": "41C7442460FFE0F505E99B390D81",
          "off": "0000000000000000000000000000"
        },
        {
          "offset": "D2FB24",
          "on": "E957C6F27E",
          "off": "4189442460"
        },
        {
          "offset": "7FC5C1D0",
          "on": "29D941C74560FFE0F505E96E8E0F81",
          "off": "000000000000000000000000000000"
        },
        {
          "offset": "D55047",
          "on": "E98471F07E90",
          "off": "29D941894D60"
        },
        {
          "offset": "7FC5E600",
          "on": "41C7442464FFE0F505E9CC140D81",
          "off": "0000000000000000000000000000"
        },
        {
          "offset": "D2FAD5",
          "on": "E926EBF27E",
          "off": "4189442464"
        }
      ]
    },
    {
      "name": "Max/Infinite Gold Orbs On Gain Or Buy",
      "type": "checkbox",
      "memory": [
        {
          "offset": "7FC5FB00",
          "on": "41C784249800000063000000E981710D81",
          "off": "0000000000000000000000000000000000"
        },
        {
          "offset": "D36C8A",
          "on": "E9718EF27E909090",
          "off": "4101842498000000"
        }
      ]
    },
    {
      "name": "Stop Time In The Bloody Palace",
      "type": "checkbox",
      "memory": [
        {
          "offset": "7FC5DEA0",
          "on": "C5FA104610E94A382584",
          "off": "00000000000000000000"
        },
        {
          "offset": "3EB16EF",
          "on": "E9ACC7DA7B",
          "off": "C5FA114610"
        }
      ]
    }
  ],
  "credits": [
    "Celogamez"
  ]
}