{
  "name": "BioShock Infinite: The Collection",
  "id": "CUSA03980",
  "version": "01.00",
  "process": "eboot.bin",
  "mods": [
    {
      "name": "Godmode",
      "hint": null,
      "type": "checkbox",
      "memory": [
        {
          "offset": "C5BD25",
          "on": "E996611001909090",
          "off": "C5FA1183C0350000"
        },
        {
          "offset": "1D61EC0",
          "on": "817B7D430398760F8505000000E95B9EEFFEC5FA1183C0350000E94E9EEFFE",
          "off": "00000000000000000000000000000000000000000000000000000000000000"
        }
      ]
    },
    {
      "name": "Infinite Salt",
      "hint": null,
      "type": "checkbox",
      "memory": [
        {
          "offset": "118F388",
          "on": "9090",
          "off": "29D8"
        }
      ]
    },
    {
      "name": "Infinite Ammo",
      "hint": null,
      "type": "checkbox",
      "memory": [
        {
          "offset": "CB3998",
          "on": "909090",
          "off": "0355A4"
        }
      ]
    },
    {
      "name": "Infinite Money",
      "hint": null,
      "type": "checkbox",
      "memory": [
        {
          "offset": "118F1CF",
          "on": "49897C2464",
          "off": "4529742464"
        }
      ]
    }
  ],
  "credits": [
    "Talixme"
  ]
}