{
  "name": "Ghostbusters",
  "id": "CUSA04312",
  "version": "01.00",
  "process": "eboot.bin",
  "mods": [
    {
      "name": "Godmode",
      "hint": null,
      "type": "checkbox",
      "memory": [
        {
          "offset": "3BD7C01",
          "on": "C7406C0000FA44C5FA10406CE9DCADE5FD90",
          "off": "000000000000000000000000000000000000"
        },
        {
          "offset": "1A329E9",
          "on": "E913521A02",
          "off": "C5FA10406C"
        }
      ]
    }
  ],
  "credits": [
    "PS4Guru",
    "Shiningami"
  ]
}