{
  "name": "Deadpool",
  "id": "CUSA03528",
  "version": "01.00",
  "process": "eboot.bin",
  "mods": [
    {
      "name": "Infinte Health",
      "type": "checkbox",
      "memory": [
        {
          "offset": "1E125A0",
          "on": "41813C24402B5402750AC4C17A108424FC030000C4C17A118424F8030000E950207AFE",
          "off": "0000000000000000000000000000000000000000000000000000000000000000000000"
        },
        {
          "offset": "5B4609",
          "on": "E992DF85019090909090",
          "off": "C4C17A118424F8030000"
        }
      ]
    },
    {
      "name": "1 Hit Kill",
      "type": "checkbox",
      "memory": [
        {
          "offset": "1E125A0",
          "on": "41813C24402B54027519C4C17A108424FC030000C4C17A118424F8030000E950207AFE41C78424F803000000000000E93F207AFE",
          "off": "00000000000000000000000000000000000000000000000000000000000000000000000000000000000000000000000000000000"
        },
        {
          "offset": "5B4609",
          "on": "E992DF85019090909090",
          "off": "C4C17A118424F8030000"
        }
      ]
    },
    {
      "name": "Infinite Momentum Bars (On Use)",
      "type": "checkbox",
      "memory": [
        {
          "offset": "1E6B800",
          "on": "4C39E37520C70100007042C7410400002042C741080000A042C7410C0000C842E96E6863FFC5FA110481E9646863FF",
          "off": "0000000000000000000000000000000000000000000000000000000000000000000000000000000000000000000000"
        },
        {
          "offset": "14A208E",
          "on": "E96D979C00",
          "off": "C5FA110481"
        }
      ]
    },
    {
      "name": "Infinite Ammo / Grenades / Mines",
      "type": "checkbox",
      "memory": [
        {
          "offset": "1E12570",
          "on": "BEFF00000089B7A4030000E976A7CDFE",
          "off": "00000000000000000000000000000000"
        },
        {
          "offset": "AECCF0",
          "on": "E97B58320190",
          "off": "89B7A4030000"
        }
      ]
    },
    {
      "name": "Max DP Pointes",
      "type": "checkbox",
      "memory": [
        {
          "offset": "1E12550",
          "on": "C787C4060000F0237449E9205BC3FE",
          "off": "000000000000000000000000000000"
        },
        {
          "offset": "A48077",
          "on": "E9D4A43C01909090",
          "off": "C5FA1187C4060000"
        }
      ]
    }
  ],
  "credits": [
    "Saso"
  ]
}