{
  "name": "Metal Gear Solid V: Phantom Pain",
  "id": "CUSA05597",
  "version": "01.00",
  "process": "eboot.bin",
  "mods": [
    {
      "name": "Godmode",
      "hint": null,
      "type": "checkbox",
      "memory": [
        {
          "offset": "14F305F",
          "on": "90909090",
          "off": "C5FA1108"
        }
      ]
    },
    {
      "name": "Infinite Ammo",
      "hint": null,
      "type": "checkbox",
      "memory": [
        {
          "offset": "2DC0D66",
          "on": "909090",
          "off": "0F47F1"
        }
      ]
    },
    {
      "name": "Infinite Suppressor",
      "hint": null,
      "type": "checkbox",
      "memory": [
        {
          "offset": "2DC0A17",
          "on": "90909090",
          "off": "884C4204"
        }
      ]
    },
    {
      "name": "Max Money",
      "hint": null,
      "type": "button",
      "memory": [
        {
          "offset": "2B3A660",
          "on": "41891E",
          "off": "41891E"
        }
      ]
    }
  ],
  "credits": [
    "Weysincha"
  ]
}