{
  "name": "Darksiders III",
  "id": "CUSA08798",
  "version": "01.11",
  "process": "eboot.bin",
  "mods": [
    {
      "name": "Infinite Health",
      "type": "checkbox",
      "memory": [
        {
          "offset": "48B9500",
          "on": "803B00740DC5FA118B14080000E9FB32A0FBC5FA108BF80B0000EBE9",
          "off": "00000000000000000000000000000000000000000000000000000000"
        },
        {
          "offset": "2BC805",
          "on": "E9F6CC5F04909090",
          "off": "C5FA118B14080000"
        }
      ]
    },
    {
      "name": "Max Souls / Consumables (On Pick)",
      "type": "checkbox",
      "memory": [
        {
          "offset": "494F800",
          "on": "BA3F420F008910C745C800000000E9CDCEA3FB",
          "off": "00000000000000000000000000000000000000"
        },
        {
          "offset": "38C6D5",
          "on": "E926315C04909090909090",
          "off": "01CA8910C745C800000000"
        }
      ]
    },
    {
      "name": "Instant Wrath/Havoc Bar Refill (L1+R2 To Deactivate Havoc)",
      "type": "checkbox",
      "memory": [
        {
          "offset": "48B9550",
          "on": "4C39E3740FEB24C5FA119330010000E9F3559CFBC783300100000000FA43C5FA108B30010000E9DC559CFBC783300100000000F943C5FA109330010000EBC8",
          "off": "000000000000000000000000000000000000000000000000000000000000000000000000000000000000000000000000000000000000000000000000000000"
        },
        {
          "offset": "27EB4F",
          "on": "E9FCA96304909090",
          "off": "C5FA119330010000"
        }
      ]
    }
  ],
  "credits": [
    "Saso"
  ]
}