{
  "name": "God of War® III Remastered",
  "id": "CUSA01623",
  "version": "01.01",
  "process": "eboot.bin",
  "mods": [
    {
      "name": "Infinite Health",
      "type": "checkbox",
      "memory": [
        {
          "offset": "3BF800",
          "on": "C5FA10A0D0010000C5FA11A0CC010000E9B90ACBFF",
          "off": "000000000000000000000000000000000000000000"
        },
        {
          "offset": "702C6",
          "on": "E935F53400909090",
          "off": "C5FA10A0CC010000"
        }
      ]
    },
    {
      "name": "Infinite Magic",
      "type": "checkbox",
      "memory": [
        {
          "offset": "3BF843",
          "on": "C783D001000000004843C5FA1083D0010000E97A34CBFF",
          "off": "0000000000000000000000000000000000000000000000"
        },
        {
          "offset": "72CCC",
          "on": "E972CB3400909090",
          "off": "C5FA1183D0010000"
        }
      ]
    },
    {
      "name": "Infinite Item Meter",
      "type": "checkbox",
      "memory": [
        {
          "offset": "3BF85A",
          "on": "C787D401000000004843C5FA1087D4010000E91E35CBFF",
          "off": "0000000000000000000000000000000000000000000000"
        },
        {
          "offset": "72D87",
          "on": "E9CECA3400909090",
          "off": "C5FA1187D4010000"
        }
      ]
    },
    {
      "name": "Infinite Rage of Sparta",
      "type": "checkbox",
      "memory": [
        {
          "offset": "3BF871",
          "on": "C783D80100000000C842C5FA1083D8010000E980FDCAFF",
          "off": "0000000000000000000000000000000000000000000000"
        },
        {
          "offset": "6F600",
          "on": "E96C023500909090",
          "off": "C5FA1183D8010000"
        }
      ]
    },
    {
      "name": "Max Orbs on Spend",
      "type": "checkbox",
      "memory": [
        {
          "offset": "3BF82C",
          "on": "C787E8010000F0237449C5FA1087E8010000E9B1B1CAFF",
          "off": "0000000000000000000000000000000000000000000000"
        },
        {
          "offset": "6A9EC",
          "on": "E93B4E3500909090",
          "off": "C5FA1187E8010000"
        }
      ]
    }
  ],
  "credits": [
    "Rizla"
  ]
}