{
  "name": "Tekken 7",
  "id": "CUSA06014",
  "version": "01.00",
  "process": "eboot.bin",
  "mods": [
    {
      "name": "Godmode Player Left",
      "hint": null,
      "type": "checkbox",
      "memory": [
        {
          "offset": "5694784",
          "on": "0000AA",
          "off": "0000AA"
        }
      ]
    },
    {
      "name": "Godmode Player Right",
      "hint": null,
      "type": "checkbox",
      "memory": [
        {
          "offset": "5697574",
          "on": "0000AA",
          "off": "0000AA"
        }
      ]
    },
    {
      "name": "Player Left  1 hit kill",
      "hint": null,
      "type": "checkbox",
      "memory": [
        {
          "offset": "5694784",
          "on": "000001",
          "off": "0000AA"
        }
      ]
    },
    {
      "name": "Player Rigth 1 hit kill",
      "hint": null,
      "type": "checkbox",
      "memory": [
        {
          "offset": "5697574",
          "on": "000001",
          "off": "0000AA"
        }
      ]
    },
    {
      "name": "Money x2 Each Use",
      "hint": null,
      "type": "checkbox",
      "memory": [
        {
          "offset": "623fb1",
          "on": "4801",
          "off": "4889"
        }
      ]
    }
  ],
  "credits": [
    "Talixme"
  ]
}