{
  "name": "Mafia III",
  "id": "CUSA03617",
  "version": "01.09",
  "process": "eboot.bin",
  "mods": [
    {
      "name": "Infinite Health",
      "type": "checkbox",
      "memory": [
        {
          "offset": "522B800",
          "on": "41C74610804FC347C4C17A104610E98162B5FD",
          "off": "00000000000000000000000000000000000000"
        },
        {
          "offset": "2D81A8E",
          "on": "E96D9D4A0290",
          "off": "C4C17A104610"
        }
      ]
    },
    {
      "name": "Infinite Armour on Gain",
      "type": "checkbox",
      "memory": [
        {
          "offset": "522B84B",
          "on": "C74610003C1C46C5FA105610E997CBB5FD",
          "off": "0000000000000000000000000000000000"
        },
        {
          "offset": "2D883EE",
          "on": "E958344A02",
          "off": "C5EA585610"
        }
      ]
    },
    {
      "name": "Infinite Ammo",
      "type": "checkbox",
      "memory": [
        {
          "offset": "271BFED",
          "on": "83EE00",
          "off": "897004"
        }
      ]
    },
    {
      "name": "No Reload",
      "type": "checkbox",
      "memory": [
        {
          "offset": "522B813",
          "on": "B864000000894218E915F2A4FD",
          "off": "00000000000000000000000000"
        },
        {
          "offset": "2C7AA30",
          "on": "E9DE0D5B02",
          "off": "75038B4218"
        }
      ]
    },
    {
      "name": "Infinite Throwables",
      "type": "checkbox",
      "memory": [
        {
          "offset": "271C05B",
          "on": "83690400909090",
          "off": "C7410400000000"
        }
      ]
    },
    {
      "name": "Infinite Adrenaline",
      "type": "checkbox",
      "memory": [
        {
          "offset": "271D386",
          "on": "83E800",
          "off": "894714"
        }
      ]
    },
    {
      "name": "Max Wiretaps/MarkersOnUse",
      "type": "checkbox",
      "memory": [
        {
          "offset": "522B820",
          "on": "C747147F96184BC5FA104714E98487E4FA",
          "off": "0000000000000000000000000000000000"
        },
        {
          "offset": "73FB0",
          "on": "E96B781B05",
          "off": "C5FA114714"
        }
      ]
    },
    {
      "name": "Earn Money on Spend",
      "type": "checkbox",
      "memory": [
        {
          "offset": "18D9BC9",
          "on": "0108",
          "off": "8908"
        }
      ]
    },
    {
      "name": "Max Current Money on Use",
      "type": "checkbox",
      "memory": [
        {
          "offset": "522B831",
          "on": "B8FFC99A3B8901C3E9F3E36AFC",
          "off": "00000000000000000000000000"
        },
        {
          "offset": "18D9C2C",
          "on": "E9001C9503",
          "off": "75038B01C3"
        }
      ]
    },
    {
      "name": "Max Total Money on Use",
      "type": "checkbox",
      "memory": [
        {
          "offset": "522B83E",
          "on": "B8FFC99A3B894104E9D5E36AFC",
          "off": "00000000000000000000000000"
        },
        {
          "offset": "18D9C1B",
          "on": "E91E1C9503",
          "off": "750B8B4104"
        }
      ]
    }
  ],
  "credits": [
    "Rizla"
  ]
}