{
  "name": "TRANSFORMERS: Fall of Cybertron",
  "id": "CUSA01845",
  "version": "01.01",
  "process": "eboot.bin",
  "mods": [
    {
      "name": "Infinite Health / 1 Hit Kill",
      "type": "checkbox",
      "memory": [
        {
          "offset": "1F38600",
          "on": "4183BE58020000007517C4C17A1086EC030000C4C17A1186E8030000E9D2BC6CFE0F57C0C4C17A1186E8030000E9C1BC6CFE",
          "off": "0000000000000000000000000000000000000000000000000000000000000000000000000000000000000000000000000000"
        },
        {
          "offset": "6042EA",
          "on": "E91143930190909090",
          "off": "C4C17A1186E8030000"
        }
      ]
    },
    {
      "name": "Infinite Health (Dont Use With 1 Hit Kill)",
      "type": "checkbox",
      "memory": [
        {
          "offset": "1F38600",
          "on": "4183BE58020000007517C4C17A1086EC030000C4C17A1186E8030000E9D2BC6CFEC4C17A1186E8030000E9C4BC6CFE",
          "off": "0000000000000000000000000000000000000000000000000000000000000000000000000000000000000000000000"
        },
        {
          "offset": "6042EA",
          "on": "E91143930190909090",
          "off": "C4C17A1186E8030000"
        }
      ]
    },
    {
      "name": "Infinite Ammo",
      "type": "checkbox",
      "memory": [
        {
          "offset": "BE6470",
          "on": "B86400000090",
          "off": "8B8794030000"
        }
      ]
    },
    {
      "name": "Infinite Money",
      "type": "checkbox",
      "memory": [
        {
          "offset": "1F37700",
          "on": "C787C40600007F96184BE93075BDFE",
          "off": "000000000000000000000000000000"
        },
        {
          "offset": "B0EC37",
          "on": "E9C48A4201909090",
          "off": "C5FA1187C4060000"
        }
      ]
    }
  ],
  "credits": [
    "TylerMods | Saso"
  ]
}