{
  "name": "Frozen: Snowball Fight",
  "id": "CUSA02396",
  "version": "01.01",
  "process": "eboot.bin",
  "mods": [
    {
      "name": "Max Score Multiplier",
      "hint": null,
      "type": "checkbox",
      "memory": [
        {
          "offset": "EDCE6E",
          "on": "41014630",
          "off": "41894630"
        }
      ]
    },
    {
      "name": "Infinite Moves",
      "hint": null,
      "type": "checkbox",
      "memory": [
        {
          "offset": "EED75E",
          "on": "90909090",
          "off": "4189474C"
        }
      ]
    },
    {
      "name": "Infinite Hearts",
      "hint": null,
      "type": "checkbox",
      "memory": [
        {
          "offset": "F51976",
          "on": "9090",
          "off": "8908"
        }
      ]
    }
  ],
  "credits": [
    "DeathRGH"
  ]
}