{
  "name": "Dragonball Xenoverse 2",
  "id": "CUSA05088",
  "version": "01.00",
  "process": "eboot.bin",
  "mods": [
    {
      "name": "Set Zeni to 9.999.999",
      "hint": null,
      "type": "button",
      "memory": [
        {
          "offset": "2019691A4",
          "on": "7F969800",
          "off": "7F969800"
        }
      ]
    },
    {
      "name": "Set TP/ZP to 9.999.999",
      "hint": null,
      "type": "button",
      "memory": [
        {
          "offset": "2019691A8",
          "on": "7F969800",
          "off": "7F969800"
        }
      ]
    },
    {
      "name": "Set Exp to 9.999.999",
      "hint": null,
      "type": "button",
      "memory": [
        {
          "offset": "20196C200",
          "on": "7F969800",
          "off": "7F969800"
        }
      ]
    },
    {
      "name": "Set Skillpoints to 999",
      "hint": null,
      "type": "button",
      "memory": [
        {
          "offset": "20196C204",
          "on": "E7030000",
          "off": "E7030000"
        }
      ]
    }
  ],
  "credits": [
    "Weysincha"
  ]
}