{
  "name": "Dead Rising 4: Franks Big Package",
  "id": "CUSA08558",
  "version": "01.00",
  "process": "eboot.bin",
  "mods": [
    {
      "name": "God-Mode/Weapon Damage Meter",
      "hint": null,
      "type": "checkbox",
      "memory": [
        {
          "offset": "215F792",
          "on": "9090909085C07E6C",
          "off": "4189451485C07E6C"
        }
      ]
    },
    {
      "name": "Unlimited Skill Points",
      "hint": null,
      "type": "checkbox",
      "memory": [
        {
          "offset": "1B5B4BE",
          "on": "909090909090488B",
          "off": "FF88601B0000488B"
        }
      ]
    },
    {
      "name": "Unlimited Ammo/All Weapons",
      "hint": null,
      "type": "checkbox",
      "memory": [
        {
          "offset": "211FB2B",
          "on": "9090909090488B85",
          "off": "C5FA114328488B85"
        }
      ]
    },
    {
      "name": "Max XP",
      "hint": null,
      "type": "checkbox",
      "memory": [
        {
          "offset": "117EE05",
          "on": "41031F41807F0500",
          "off": "418B1F41807F0500"
        }
      ]
    }
  ],
  "credits": [
    "PS4Guru"
  ]
}