{
  "name": "Mortal Kombat XL",
  "id": "CUSA03679",
  "version": "01.04",
  "process": "eboot.bin",
  "mods": [
    {
      "name": "Infinite Health (Master Code)",
      "type": "checkbox",
      "memory": [
        {
          "offset": "2DCCCC0",
          "on": "52488B93200A000081BA08030000C081A8165A752CC5FA118B380A0000E9B0AD37FD9081BB380A00000000803E7E12C783380A00000000803EC5FA1093380A0000C5FA1193380A0000E984AD37FD",
          "off": "000000000000000000000000000000000000000000000000000000000000000000000000000000000000000000000000000000000000000000000000000000000000000000000000000000000000"
        },
        {
          "offset": "147A8A",
          "on": "E93152C802909090",
          "off": "C5FA1193380A0000"
        }
      ]
    },
    {
      "name": "Infinite Super Meter bars (Master Code)",
      "type": "checkbox",
      "memory": [
        {
          "offset": "2DD7839",
          "on": "81BF08030000C081A816750FC7838C0200000000803FE982A769FDC5FA11838C020000E975A769FDC7838C02000000000000E966A769FD",
          "off": "00000000000000000000000000000000000000000000000000000000000000000000000000000000000000000000000000000000000000"
        },
        {
          "offset": "471FCE",
          "on": "E966589602909090",
          "off": "C5FA11838C020000"
        }
      ]
    },
    {
      "name": "Opponent Health (25%) (MC)",
      "type": "checkbox",
      "memory": [
        {
          "offset": "2DCCCD3",
          "on": "750E",
          "off": "752C"
        }
      ]
    },
    {
      "name": "Opponent Super Meter bars (0) (MC)",
      "type": "checkbox",
      "memory": [
        {
          "offset": "2DD7843",
          "on": "751C",
          "off": "750F"
        }
      ]
    }
  ],
  "credits": [
    "Saso_9.00"
  ]
}