{
  "name": "Far Cry® 5",
  "id": "CUSA05904",
  "version": "01.00",
  "process": "eboot.bin",
  "mods": [
    {
      "name": "Godmode",
      "type": "checkbox",
      "memory": [
        {
          "offset": "26157F7",
          "on": "E924EA7B02909090",
          "off": "0F84D701000084D2"
        },
        {
          "offset": "4DD4220",
          "on": "0F84B41784FD84D2BEFFFFFFFF39B3B40100000F85C61584FDE9C61584FD",
          "off": "000000000000000000000000000000000000000000000000000000000000"
        }
      ]
    },
    {
      "name": "Infinite Ammo",
      "type": "checkbox",
      "memory": [
        {
          "offset": "3602297",
          "on": "90909090909090",
          "off": "4489BB88010000"
        }
      ]
    },
    {
      "name": "No Recoil",
      "type": "checkbox",
      "memory": [
        {
          "offset": "3224B59",
          "on": "90909090",
          "off": "44896838"
        },
        {
          "offset": "35FDFB0",
          "on": "909090909090909090",
          "off": "C4C17A11871C010000"
        }
      ]
    },
    {
      "name": "Get Perk Points For Spending Them",
      "type": "checkbox",
      "memory": [
        {
          "offset": "31CAB9C",
          "on": "4401BBD8000000",
          "off": "4429BBD8000000"
        }
      ]
    },
    {
      "name": "Max Money / Items On Pickup",
      "type": "button",
      "memory": [
        {
          "offset": "1115B20",
          "on": "B8FFC99A3B9090",
          "off": "B8FFC99A3B9090"
        }
      ]
    }
  ],
  "credits": [
    "DeathRGH"
  ]
}