{
  "name": "Digimon World: Next Order",
  "id": "CUSA05392",
  "version": "01.00",
  "process": "eboot.bin",
  "mods": [
    {
      "name": "Freeze Time",
      "type": "checkbox",
      "memory": [
        {
          "offset": "1107800",
          "on": "90E96482167F",
          "off": "000000000000"
        },
        {
          "offset": "8026FA64",
          "on": "E9977DE98090",
          "off": "F3450F117F10"
        }
      ]
    },
    {
      "name": "Gym HP result x2",
      "type": "checkbox",
      "memory": [
        {
          "offset": "1107807",
          "on": "6BC802488B8570FFFFFF894820E9254A2B7F",
          "off": "000000000000000000000000000000000000"
        },
        {
          "offset": "803BC234",
          "on": "E9CEB5D4809090909090",
          "off": "488B8570FFFFFF894820"
        }
      ]
    },
    {
      "name": "Gym MP result x2",
      "type": "checkbox",
      "memory": [
        {
          "offset": "110781A",
          "on": "6BC802488B8570FFFFFF894824E9634A2B7F",
          "off": "000000000000000000000000000000000000"
        },
        {
          "offset": "803BC285",
          "on": "E990B5D4809090909090",
          "off": "488B8570FFFFFF894824"
        }
      ]
    },
    {
      "name": "Gym STR result x4",
      "type": "checkbox",
      "memory": [
        {
          "offset": "110782D",
          "on": "6BC804488B8570FFFFFF894828E9914A2B7F",
          "off": "000000000000000000000000000000000000"
        },
        {
          "offset": "803BC2C6",
          "on": "E962B5D4809090909090",
          "off": "488B8570FFFFFF894828"
        }
      ]
    },
    {
      "name": "Gym STA result x4",
      "type": "checkbox",
      "memory": [
        {
          "offset": "1107840",
          "on": "6BC804488B8570FFFFFF89482CE9BF4A2B7F",
          "off": "000000000000000000000000000000000000"
        },
        {
          "offset": "803BC307",
          "on": "E934B5D4809090909090",
          "off": "488B8570FFFFFF89482C"
        }
      ]
    },
    {
      "name": "Gym WIS result x4",
      "type": "checkbox",
      "memory": [
        {
          "offset": "1107853",
          "on": "6BC804488B8570FFFFFF894830E9ED4A2B7F",
          "off": "000000000000000000000000000000000000"
        },
        {
          "offset": "803BC348",
          "on": "E906B5D4809090909090",
          "off": "488B8570FFFFFF894830"
        }
      ]
    },
    {
      "name": "Gym SPD result x4",
      "type": "checkbox",
      "memory": [
        {
          "offset": "1107866",
          "on": "6BC804488B8570FFFFFF894834E91B4B2B7F",
          "off": "000000000000000000000000000000000000"
        },
        {
          "offset": "803BC389",
          "on": "E9D8B4D4809090909090",
          "off": "488B8570FFFFFF894834"
        }
      ]
    },
    {
      "name": "Mood / Discipline / Curse / Fatigue 0",
      "type": "checkbox",
      "memory": [
        {
          "offset": "1107879",
          "on": "41BF00000000488B442408448938E9EC46137F",
          "off": "00000000000000000000000000000000000000"
        },
        {
          "offset": "8023BF70",
          "on": "E904B9EC80909090",
          "off": "488B442408448938"
        }
      ]
    },
    {
      "name": "Mood, Discipline (Praise) / Curse, Fatigue (Eat) Full",
      "type": "checkbox",
      "memory": [
        {
          "offset": "110788D",
          "on": "41BF63000000488B442408448938E9D846137F",
          "off": "00000000000000000000000000000000000000"
        },
        {
          "offset": "8023BF70",
          "on": "E918B9EC80909090",
          "off": "488B442408448938"
        }
      ]
    },
    {
      "name": "Order Power Battle Start 999",
      "type": "checkbox",
      "memory": [
        {
          "offset": "11078A1",
          "on": "B8E7030000418987EC030000E9C54C1A7F",
          "off": "0000000000000000000000000000000000"
        },
        {
          "offset": "802AC570",
          "on": "E92CB3E5809090",
          "off": "418987EC030000"
        }
      ]
    },
    {
      "name": "Bits",
      "type": "checkbox",
      "memory": [
        {
          "offset": "11078B3",
          "on": "C74424087F969800E96A0C137F",
          "off": "00000000000000000000000000"
        },
        {
          "offset": "80238522",
          "on": "E98CF3EC80909090",
          "off": "817C24087F969800"
        }
      ]
    },
    {
      "name": "Max lvl (town / battle)",
      "type": "checkbox",
      "memory": [
        {
          "offset": "11078C1",
          "on": "488B442410C740783F420F00E90707137F",
          "off": "0000000000000000000000000000000000"
        },
        {
          "offset": "80237FD0",
          "on": "E9ECF8EC8090909090",
          "off": "488B44241044897878"
        }
      ]
    },
    {
      "name": "TP",
      "type": "checkbox",
      "memory": [
        {
          "offset": "11078D3",
          "on": "48634424104C0F4DF0E92708137F",
          "off": "0000000000000000000000000000"
        },
        {
          "offset": "802380FF",
          "on": "E9CFF7EC8090909090",
          "off": "48634424104C0F4EF0"
        }
      ]
    },
    {
      "name": "Warehouse items 999",
      "type": "checkbox",
      "memory": [
        {
          "offset": "11078E2",
          "on": "6641C74534E703486344242CE91AB32A7F",
          "off": "0000000000000000000000000000000000"
        },
        {
          "offset": "803B2C08",
          "on": "E9D54CD580",
          "off": "486344242C"
        }
      ]
    }
  ],
  "credits": [
    "d01v"
  ]
}