{
  "name": "FINAL FANTASY Ⅻ THE ZODIAC AGE",
  "id": "CUSA05532",
  "version": "01.07",
  "process": "eboot.bin",
  "mods": [
    {
      "name": "Max &  Inf  HP | Vaan",
      "type": "checkbox",
      "memory": [
        {
          "offset": "A90000",
          "on": "664181FE004B750D050F2700008B4DB0E91DB26DFF8B4DB0894848E912B26DFF",
          "off": "0000000000000000000000000000000000000000000000000000000000000000"
        },
        {
          "offset": "16B22C",
          "on": "E9CF4D920090",
          "off": "8B4DB0894848"
        }
      ]
    },
    {
      "name": "Infinite MP",
      "type": "checkbox",
      "memory": [
        {
          "offset": "16B7C2",
          "on": "9090909090",
          "off": "6644896F4C"
        }
      ]
    },
    {
      "name": "Instant Action Bar",
      "type": "checkbox",
      "memory": [
        {
          "offset": "23AB800",
          "on": "B860EA000041898568070000E9ECA7DCFD",
          "off": "0000000000000000000000000000000000"
        },
        {
          "offset": "175FF6",
          "on": "E9055823029090",
          "off": "41898568070000"
        }
      ]
    },
    {
      "name": "Infinite Items",
      "type": "checkbox",
      "memory": [
        {
          "offset": "16BBE1",
          "on": "9090909090",
          "off": "6647891C4A"
        }
      ]
    },
    {
      "name": "Max Items/Loot/Accessories | On Buy/Sell/Gain/Use",
      "type": "checkbox",
      "memory": [
        {
          "offset": "A8FF02",
          "on": "6641BB63006647891C4AE9D5BC6DFF",
          "off": "000000000000000000000000000000"
        },
        {
          "offset": "16BBE1",
          "on": "E91C439200",
          "off": "6647891C4A"
        }
      ]
    },
    {
      "name": "Infinite Gil",
      "type": "checkbox",
      "memory": [
        {
          "offset": "23A6802",
          "on": "448B83E4000000448983E4000000E9C780F1FD",
          "off": "00000000000000000000000000000000000000"
        },
        {
          "offset": "2BE8C1",
          "on": "E93C7F0E029090",
          "off": "448983E4000000"
        }
      ]
    },
    {
      "name": "Max Gil On Buy/Sell",
      "type": "checkbox",
      "memory": [
        {
          "offset": "23A6815",
          "on": "41B8FFE0F505448983E4000000E9B580F1FD",
          "off": "000000000000000000000000000000000000"
        },
        {
          "offset": "2BE8C1",
          "on": "E94F7F0E029090",
          "off": "448983E4000000"
        }
      ]
    },
    {
      "name": "Infinite LP",
      "type": "checkbox",
      "memory": [
        {
          "offset": "1A0C82",
          "on": "9090909090909090",
          "off": "4189942490010000"
        }
      ]
    },
    {
      "name": "Max LP On Spend",
      "type": "checkbox",
      "memory": [
        {
          "offset": "23A6829",
          "on": "BA0F2700004189942490010000E94FA4DFFD",
          "off": "000000000000000000000000000000000000"
        },
        {
          "offset": "1A0C82",
          "on": "E9A25B2002909090",
          "off": "4189942490010000"
        }
      ]
    },
    {
      "name": "Boost EXP| x1000 Points Per Kill",
      "type": "checkbox",
      "memory": [
        {
          "offset": "23A683D",
          "on": "4181C7E80300004589BD8C010000E93063DDFD",
          "off": "00000000000000000000000000000000000000"
        },
        {
          "offset": "17CB79",
          "on": "E9BF9C22029090",
          "off": "4589BD8C010000"
        }
      ]
    },
    {
      "name": "Extra EXP| x5000 Points Per Kill",
      "type": "checkbox",
      "memory": [
        {
          "offset": "23A6851",
          "on": "4181C7881300004589BD8C010000E91C63DDFD",
          "off": "00000000000000000000000000000000000000"
        },
        {
          "offset": "17CB79",
          "on": "E9D39C22029090",
          "off": "4589BD8C010000"
        }
      ]
    },
    {
      "name": "Eeven More EXP| x10.000 Points Per Kill",
      "type": "checkbox",
      "memory": [
        {
          "offset": "23A6866",
          "on": "4181C7102700004589BD8C010000E90763DDFD",
          "off": "00000000000000000000000000000000000000"
        },
        {
          "offset": "17CB79",
          "on": "E9E89C22029090",
          "off": "4589BD8C010000"
        }
      ]
    },
    {
      "name": "Lots Of EXP| x15.000 Points Per Kill",
      "type": "checkbox",
      "memory": [
        {
          "offset": "23A687B",
          "on": "4181C7983A00004589BD8C010000E9F262DDFD",
          "off": "00000000000000000000000000000000000000"
        },
        {
          "offset": "17CB79",
          "on": "E9FD9C22029090",
          "off": "4589BD8C010000"
        }
      ]
    },
    {
      "name": "Hella EXP| x50.000 Points Per Kill",
      "type": "checkbox",
      "memory": [
        {
          "offset": "23A6890",
          "on": "4181C750C300004589BD8C010000E9DD62DDFD",
          "off": "00000000000000000000000000000000000000"
        },
        {
          "offset": "17CB79",
          "on": "E9129D22029090",
          "off": "4589BD8C010000"
        }
      ]
    },
    {
      "name": "EXP OVERLORD| 1 Kill = Max LvL All Characters",
      "type": "checkbox",
      "memory": [
        {
          "offset": "23A68A5",
          "on": "4181C7FFE0F5054589BD8C010000E9C862DDFD",
          "off": "00000000000000000000000000000000000000"
        },
        {
          "offset": "17CB79",
          "on": "E9279D22029090",
          "off": "4589BD8C010000"
        }
      ]
    },
    {
      "name": "x5000 Clan Points Per Kill",
      "type": "checkbox",
      "memory": [
        {
          "offset": "23A68DC",
          "on": "4181C58813000001C8448928E90771E9FD",
          "off": "0000000000000000000000000000000000"
        },
        {
          "offset": "23D9EF",
          "on": "E9E88E1602",
          "off": "01C8448928"
        }
      ]
    },
    {
      "name": "x10.000 Clan Points Per Kill",
      "type": "checkbox",
      "memory": [
        {
          "offset": "23A68EF",
          "on": "4181C51027000001C8448928E9F470E9FD",
          "off": "0000000000000000000000000000000000"
        },
        {
          "offset": "23D9EF",
          "on": "E9FB8E1602",
          "off": "01C8448928"
        }
      ]
    },
    {
      "name": "x25.000 Clan Points Per Kill",
      "type": "checkbox",
      "memory": [
        {
          "offset": "23A6902",
          "on": "4181C5A861000001C8448928E9E170E9FD",
          "off": "0000000000000000000000000000000000"
        },
        {
          "offset": "23D9EF",
          "on": "E90E8F1602",
          "off": "01C8448928"
        }
      ]
    },
    {
      "name": "500.000 Clan Points| To unlock Record Breaker Trophy ",
      "type": "checkbox",
      "memory": [
        {
          "offset": "23A6915",
          "on": "41BD20A1070001C8448928E9CF70E9FD",
          "off": "00000000000000000000000000000000"
        },
        {
          "offset": "23D9EF",
          "on": "E9218F1602",
          "off": "01C8448928"
        }
      ]
    },
    {
      "name": "Clan Master| 1 Kill= Max Clan Points ",
      "type": "checkbox",
      "memory": [
        {
          "offset": "23A6927",
          "on": "41BDFFE0F50501C8448928E9BD70E9FD",
          "off": "00000000000000000000000000000000"
        },
        {
          "offset": "23D9EF",
          "on": "E9338F1602",
          "off": "01C8448928"
        }
      ]
    },
    {
      "name": "Unlock All Items | Battle Only",
      "type": "checkbox",
      "memory": [
        {
          "offset": "23A6939",
          "on": "66C7044163000FB70C41E92C54DCFD",
          "off": "000000000000000000000000000000"
        },
        {
          "offset": "16BD6E",
          "on": "E9C6AB230290",
          "off": "89F80FB70C41"
        }
      ]
    },
    {
      "name": "Splendor Master| Enhanced ATK",
      "type": "checkbox",
      "memory": [
        {
          "offset": "23A694E",
          "on": "664181FE004B750D4080C63C4088770AE9EB9DDCFD4088DE4088770AE9DF9DDCFD",
          "off": "000000000000000000000000000000000000000000000000000000000000000000"
        },
        {
          "offset": "170747",
          "on": "E9026223029090",
          "off": "4088DE4088770A"
        }
      ]
    },
    {
      "name": "Falconer| Powerful ATK",
      "type": "checkbox",
      "memory": [
        {
          "offset": "23A6971",
          "on": "664181FE004B750D4080C6644088770AE9C89DDCFD4088DE4088770AE9BC9DDCFD",
          "off": "000000000000000000000000000000000000000000000000000000000000000000"
        },
        {
          "offset": "170747",
          "on": "E9256223029090",
          "off": "4088DE4088770A"
        }
      ]
    },
    {
      "name": "Kendo Master| Double ATK",
      "type": "checkbox",
      "memory": [
        {
          "offset": "23A6994",
          "on": "664181FE004B750D4080C68C4088770AE9A59DDCFD4088DE4088770AE9999DDCFD",
          "off": "000000000000000000000000000000000000000000000000000000000000000000"
        },
        {
          "offset": "170747",
          "on": "E9486223029090",
          "off": "4088DE4088770A"
        }
      ]
    },
    {
      "name": "Shaolin Master| Supreme ATK",
      "type": "checkbox",
      "memory": [
        {
          "offset": "23A69B7",
          "on": "664181FE004B750D4080C6C84088770AE9829DDCFD4088DE4088770AE9769DDCFD",
          "off": "000000000000000000000000000000000000000000000000000000000000000000"
        },
        {
          "offset": "170747",
          "on": "E96B6223029090",
          "off": "4088DE4088770A"
        }
      ]
    },
    {
      "name": "Plastic Slipper| Max ATK",
      "type": "checkbox",
      "memory": [
        {
          "offset": "23A69DA",
          "on": "664181FE004B750889570AE9649DDCFD4088DE4088770AE9589DDCFD",
          "off": "00000000000000000000000000000000000000000000000000000000"
        },
        {
          "offset": "170747",
          "on": "E98E6223029090",
          "off": "4088DE4088770A"
        }
      ]
    }
  ],
  "credits": [
    "GamerX2"
  ]
}