{
  "name": "Dragons Dogma: Dark Arisen",
  "id": "CUSA07340",
  "version": "01.00",
  "process": "eboot.bin",
  "mods": [
    {
      "name": "Infinite Stamina",
      "type": "checkbox",
      "memory": [
        {
          "offset": "7FC5AE90",
          "on": "6641C785AC0200000000E9F4E5F780",
          "off": "000000000000000000000000000000"
        },
        {
          "offset": "BD948A",
          "on": "E9011A087F90909090",
          "off": "C4C17A1185AC020000"
        }
      ]
    },
    {
      "name": "Max Coins (on buy)",
      "type": "checkbox",
      "memory": [
        {
          "offset": "7FC5ABF0",
          "on": "C7874C0300007F969800E9F4707380",
          "off": "000000000000000000000000000000"
        },
        {
          "offset": "391CED",
          "on": "E9FE8E8C7F90",
          "off": "89874C030000"
        }
      ]
    },
    {
      "name": "Max Experience",
      "type": "checkbox",
      "memory": [
        {
          "offset": "7FC5AC90",
          "on": "41818424C80200007F969800E9316A7380",
          "off": "0000000000000000000000000000000000"
        },
        {
          "offset": "3916CA",
          "on": "E9C1958C7F909090",
          "off": "4101B424C8020000"
        }
      ]
    },
    {
      "name": "Max Discipline (on gain)",
      "type": "checkbox",
      "memory": [
        {
          "offset": "7FC5BBB0",
          "on": "41C78424480300007F969800E9B95C7380",
          "off": "0000000000000000000000000000000000"
        },
        {
          "offset": "391872",
          "on": "E939A38C7F909090",
          "off": "41898C2448030000"
        }
      ]
    },
    {
      "name": "All items x5 (on use/sell)",
      "type": "checkbox",
      "memory": [
        {
          "offset": "7FC5BC00",
          "on": "41C6451A05E964BE8D80",
          "off": "00000000000000000000"
        },
        {
          "offset": "537A69",
          "on": "E99241727F",
          "off": "6641895D1A"
        }
      ]
    },
    {
      "name": "Max Rift Crystals (on gain)",
      "type": "checkbox",
      "memory": [
        {
          "offset": "7FC5BCA0",
          "on": "C787500300007F969800E9EB5F7380",
          "off": "000000000000000000000000000000"
        },
        {
          "offset": "391C94",
          "on": "E907A08C7F90",
          "off": "898750030000"
        }
      ]
    }
  ],
  "credits": [
    "Wander_9.00"
  ]
}