{
  "name": "Assassins Creed: The Ezio Collection [Assasins Creed Brotherhood]",
  "id": "CUSA05008",
  "version": "01.00",
  "process": "ScimitarACB.elf",
  "mods": [
    {
      "name": "Godmode",
      "hint": null,
      "type": "checkbox",
      "memory": [
        {
          "offset": "1CAB0E6",
          "on": "9090909090909090",
          "off": "41898424A4000000"
        },
        {
          "offset": "1CAB0F1",
          "on": "9090909090909090",
          "off": "41898424A4000000"
        }
      ]
    },
    {
      "name": "Infinite Money / Items",
      "hint": null,
      "type": "checkbox",
      "memory": [
        {
          "offset": "1FCEB16",
          "on": "909090",
          "off": "894714"
        }
      ]
    }
  ],
  "credits": [
    "TLH"
  ]
}