{
  "name": "Outlast",
  "id": "CUSA00409",
  "version": "01.00",
  "process": "eboot.bin",
  "mods": [
    {
      "name": "Godmode",
      "type": "checkbox",
      "memory": [
        {
          "offset": "1D1BC1A",
          "on": "51B9003C1C46660F6EC959C4C17A118FEC310000E935DCC5FE",
          "off": "00000000000000000000000000000000000000000000000000"
        },
        {
          "offset": "97985F",
          "on": "E9B6233A0190909090",
          "off": "C4C17A118FEC310000"
        }
      ]
    },
    {
      "name": "Infinite Battery Life",
      "type": "checkbox",
      "memory": [
        {
          "offset": "1D1BC47",
          "on": "51B90000803F660F6EC959C4C17A118F2C320000E93AA3C4FE",
          "off": "00000000000000000000000000000000000000000000000000"
        },
        {
          "offset": "965F91",
          "on": "E9B15C3B0190909090",
          "off": "C4C17A118F2C320000"
        }
      ]
    },
    {
      "name": "Always Max Battery",
      "type": "checkbox",
      "memory": [
        {
          "offset": "1D1BC6E",
          "on": "518B88FC0A00008988F80A000059E9E5B4C4FE",
          "off": "00000000000000000000000000000000000000"
        },
        {
          "offset": "967160",
          "on": "E9094B3B0190",
          "off": "8988F80A0000"
        }
      ]
    }
  ],
  "credits": [
    "Molly"
  ]
}