{
  "name": "Dying Light: The Following – Enhanced Edition",
  "id": "CUSA03991",
  "version": "01.35",
  "process": "eboot.bin",
  "mods": [
    {
      "name": "Infinite Health",
      "type": "checkbox",
      "memory": [
        {
          "offset": "7FC5C790",
          "on": "C783341200000000C842E998A0FF80",
          "off": "000000000000000000000000000000"
        },
        {
          "offset": "C5682F",
          "on": "E95C5F007F909090",
          "off": "C5FA118334120000"
        }
      ]
    },
    {
      "name": "Infinite Endurance (For Fight)",
      "type": "checkbox",
      "memory": [
        {
          "offset": "7FC5C7C0",
          "on": "C5FA104310E93A661381",
          "off": "00000000000000000000"
        },
        {
          "offset": "D92DFF",
          "on": "E9BC99EC7E",
          "off": "C5FA114310"
        }
      ]
    },
    {
      "name": "Infinite Breathe (For Run)",
      "type": "checkbox",
      "memory": [
        {
          "offset": "7FC5C7F0",
          "on": "C5FA104310E986681281",
          "off": "00000000000000000000"
        },
        {
          "offset": "D8307B",
          "on": "E97097ED7E",
          "off": "C5FA114310"
        }
      ]
    },
    {
      "name": "Infinite/Dupe Items (Need 2/Disable after you have enough)",
      "type": "checkbox",
      "memory": [
        {
          "offset": "760058",
          "on": "450137",
          "off": "458937"
        }
      ]
    },
    {
      "name": "Max Infinite Items (Disable B4 Buy/Create Weapons)",
      "type": "checkbox",
      "memory": [
        {
          "offset": "760058",
          "on": "45893F",
          "off": "458937"
        }
      ]
    },
    {
      "name": "Infinite Ammo/No Reload/Arrows/Throwables",
      "type": "checkbox",
      "memory": [
        {
          "offset": "7FC5C8E0",
          "on": "4189C6458B37E97037B080",
          "off": "0000000000000000000000"
        },
        {
          "offset": "760055",
          "on": "E986C84F7F90",
          "off": "4189C6458937"
        },
        {
          "offset": "7FC5C880",
          "on": "0F88DE731181448B39E9AB741181",
          "off": "0000000000000000000000000000"
        },
        {
          "offset": "D73D30",
          "on": "E94B8BEE7E90909090",
          "off": "0F8834FFFFFF448939"
        }
      ]
    },
    {
      "name": "Infinite Melee Durability",
      "type": "checkbox",
      "memory": [
        {
          "offset": "7FC5C840",
          "on": "C5FA104B04E9363CB080",
          "off": "00000000000000000000"
        },
        {
          "offset": "76047B",
          "on": "E9C0C34F7F",
          "off": "C5FA114B04"
        }
      ]
    },
    {
      "name": "Infinite UV Flashlight",
      "type": "checkbox",
      "memory": [
        {
          "offset": "7FC5C920",
          "on": "C5F82EC8C5FA100FE966B70C81",
          "off": "00000000000000000000000000"
        },
        {
          "offset": "D2808B",
          "on": "E99048F37E909090",
          "off": "C5F82EC8C5FA110F"
        }
      ]
    },
    {
      "name": "Infinite Grappling Hook Stamina",
      "type": "checkbox",
      "memory": [
        {
          "offset": "7FC5C900",
          "on": "C4C17A104640E91F7F1C81",
          "off": "0000000000000000000000"
        },
        {
          "offset": "E24824",
          "on": "E9D780E37E90",
          "off": "C4C17A114640"
        }
      ]
    },
    {
      "name": "Infinite Camouflage",
      "type": "checkbox",
      "memory": [
        {
          "offset": "7FC5C8A0",
          "on": "C5FA104314E9781E1281",
          "off": "00000000000000000000"
        },
        {
          "offset": "D7E71D",
          "on": "E97EE1ED7E",
          "off": "C5FA114314"
        }
      ]
    },
    {
      "name": "Max Level All Skill Points On Gain",
      "type": "checkbox",
      "memory": [
        {
          "offset": "7FC5C820",
          "on": "4584E4C700FFC99A3BE9CC930781",
          "off": "0000000000000000000000000000"
        },
        {
          "offset": "CD5BF4",
          "on": "E9276CF87E90",
          "off": "4584E4488908"
        }
      ]
    },
    {
      "name": "Max Infinite Money On Gain Or Buy",
      "type": "checkbox",
      "memory": [
        {
          "offset": "7FC5C860",
          "on": "0F4ED1C7473CFFC99A3BE962681181",
          "off": "000000000000000000000000000000"
        },
        {
          "offset": "D730CB",
          "on": "E99097EE7E90",
          "off": "0F4ED189573C"
        },
        {
          "offset": "7FC5C8C0",
          "on": "4429F8C7473CFFC99A3BE95B6A1181",
          "off": "000000000000000000000000000000"
        },
        {
          "offset": "D73324",
          "on": "E99795EE7E90",
          "off": "4429F889473C"
        }
      ]
    }
  ],
  "credits": [
    "Celogamez_9.00"
  ]
}