{
  "name": "Pang Adventures",
  "id": "CUSA05906",
  "version": "01.00",
  "process": "eboot.bin",
  "mods": [
    {
      "name": "High Score",
      "hint": null,
      "type": "checkbox",
      "memory": [
        {
          "offset": "A0FC11",
          "on": "059F860100018380000000E90424A0FF",
          "off": "00000000000000000000000000000000"
        },
        {
          "offset": "41201F",
          "on": " E9EDDB5F0090",
          "off": "018380000000"
        }
      ]
    },
    {
      "name": "Infinite Ammo",
      "hint": null,
      "type": "checkbox",
      "memory": [
        {
          "offset": "A0FC29",
          "on": "BEFFFFFFFF897308E95FD0A6FF",
          "off": "00000000000000000000000000"
        },
        {
          "offset": "47CC90",
          "on": " E9942F5900",
          "off": "FFCE897308"
        }
      ]
    }
  ],
  "credits": [
    "Molly"
  ]
}