{
  "name": "SUPER ROBOT WARS V",
  "id": "CUSA06124",
  "version": "01.00",
  "process": "eboot.bin",
  "mods": [
    {
      "name": "Money Gain on Spend",
      "type": "checkbox",
      "memory": [
        {
          "offset": "445155",
          "on": "0111",
          "off": "8911"
        }
      ]
    },
    {
      "name": "TacP Gain when enemy killed during battle",
      "type": "checkbox",
      "memory": [
        {
          "offset": "445214",
          "on": "015018",
          "off": "895018"
        }
      ]
    },
    {
      "name": "TacP Gain on Spend",
      "type": "checkbox",
      "memory": [
        {
          "offset": "445296",
          "on": "015118",
          "off": "895118"
        }
      ]
    }
  ],
  "credits": [
    "squall3032"
  ]
}