{
  "name": "Dragon Age™: Inquisition",
  "id": "CUSA00220",
  "version": "01.00",
  "process": "eboot.bin",
  "mods": [
    {
      "name": "Infinite (HP,Stamina,Stats,Skill Points) (unbind)",
      "type": "checkbox",
      "memory": [
        {
          "offset": "31ED07F",
          "on": "4983F80B750A41C7472C003C1C46EB06C4C17A11472CE96DC47AFD",
          "off": "000000000000000000000000000000000000000000000000000000"
        },
        {
          "offset": "999501",
          "on": "E9793B850290",
          "off": "C4C17A11472C"
        }
      ]
    },
    {
      "name": "Item Max (use/sell/discard x2)",
      "type": "checkbox",
      "memory": [
        {
          "offset": "6D2653",
          "on": "0F4DC1",
          "off": "0F4EC1"
        }
      ]
    },
    {
      "name": "Max Gold on Sell (Craft Mats and Valuables only)",
      "type": "checkbox",
      "memory": [
        {
          "offset": "31ED09C",
          "on": "4983F908750CB87F9698004189442428EB054189442428E9FAFF37FE",
          "off": "00000000000000000000000000000000000000000000000000000000"
        },
        {
          "offset": "156D0AD",
          "on": "E9EAFFC701",
          "off": "4189442428"
        }
      ]
    }
  ],
  "credits": [
    "d01v"
  ]
}