{
  "name": "Borderlands THC: Borderlands Pre-Sequel",
  "id": "CUSA02980",
  "version": "01.00",
  "process": "ARBUTUS.elf",
  "mods": [
    {
      "name": "Infinite Skillpoints / Badass-Tokens",
      "hint": null,
      "type": "checkbox",
      "memory": [
        {
          "offset": "45C0DB",
          "on": "0345C8",
          "off": "2B45C8"
        }
      ]
    },
    {
      "name": "Set Max Money / Moonstone",
      "hint": null,
      "type": "button",
      "memory": [
        {
          "offset": "10366D2",
          "on": "B8FFFFFF7F9090",
          "off": "B8FFFFFF7F9090"
        }
      ]
    }
  ],
  "credits": [
    "DeathRGH"
  ]
}