{
  "name": "DARK SOULS™ III: The Fire Fades™ Edition",
  "id": "CUSA07439",
  "version": "01.03",
  "process": "eboot.bin",
  "master": {
    "challenged": "yes",
    "memory": [
      {
        "offset": "4747859",
        "on": "534889C348891D9CC74BFB5B8B88F00000008988F00000008B88E40000008988E40000008B88D80000008988D8000000E94ED490FC"
      },
      {
        "offset": "1054CD6",
        "on": "E97E2B6F0390"
      }
    ]
  },
  "mods": [
    {
      "name": "Infinite Health",
      "type": "checkbox",
      "memory": [
        {
          "offset": "474787D",
          "on": "8B88DC000000",
          "off": "8B88D8000000"
        }
      ]
    },
    {
      "name": "Infinite Magic",
      "type": "checkbox",
      "memory": [
        {
          "offset": "4747871",
          "on": "8B88E8000000",
          "off": "8B88E4000000"
        }
      ]
    },
    {
      "name": "Infinite Stamina",
      "type": "checkbox",
      "memory": [
        {
          "offset": "4747865",
          "on": "8B88F4000000",
          "off": "8B88F0000000"
        }
      ]
    },
    {
      "name": "Infinite Souls",
      "type": "checkbox",
      "memory": [
        {
          "offset": "474788E",
          "on": "BAFFC99A3B89507429CAE9AB3591FC",
          "off": "000000000000000000000000000000"
        },
        {
          "offset": "105AE43",
          "on": "E946CA6E03",
          "off": "89507429CA"
        }
      ]
    },
    {
      "name": "Max Items on Use",
      "type": "checkbox",
      "memory": [
        {
          "offset": "4747829",
          "on": "41BD6300000044896B084585EDE9910B50FC",
          "off": "000000000000000000000000000000000000"
        },
        {
          "offset": "C483C5",
          "on": "E95FF4AF039090",
          "off": "44896B084585ED"
        }
      ]
    },
    {
      "name": "Infinite Weapon Durability",
      "type": "checkbox",
      "memory": [
        {
          "offset": "474783B",
          "on": "BE00000000897714C390E91B38B6FC",
          "off": "000000000000000000000000000000"
        },
        {
          "offset": "12AB060",
          "on": "E9D6C74903",
          "off": "897714C390"
        }
      ]
    },
    {
      "name": "Infinite Armour Durability",
      "type": "checkbox",
      "memory": [
        {
          "offset": "474784A",
          "on": "BE00000000897714C390E93C30B6FC",
          "off": "000000000000000000000000000000"
        },
        {
          "offset": "12AA890",
          "on": "E9B5CF4903",
          "off": "897714C390"
        }
      ]
    },
    {
      "name": "No Effects",
      "type": "checkbox",
      "memory": [
        {
          "offset": "474789D",
          "on": "4889DFB9E7030000894B10E9F56A8CFC",
          "off": "00000000000000000000000000000000"
        },
        {
          "offset": "100E39C",
          "on": "E9FC94730390",
          "off": "4889DF894B10"
        },
        {
          "offset": "47478AD",
          "on": "4889DF41BCE703000044896314E9206B8CFC",
          "off": "000000000000000000000000000000000000"
        },
        {
          "offset": "100E3D8",
          "on": "E9D09473039090",
          "off": "4889DF44896314"
        },
        {
          "offset": "47478BF",
          "on": "4889DFB9E7030000894B18E9536B8CFC",
          "off": "00000000000000000000000000000000"
        },
        {
          "offset": "100E41C",
          "on": "E99E94730390",
          "off": "4889DF894B18"
        },
        {
          "offset": "47478CF",
          "on": "4889DF41BCE70300004489631CE97E6B8CFC",
          "off": "000000000000000000000000000000000000"
        },
        {
          "offset": "100E458",
          "on": "E9729473039090",
          "off": "4889DF4489631C"
        },
        {
          "offset": "47478E1",
          "on": "89C1B9E7030000894B20E9A46B8CFC",
          "off": "000000000000000000000000000000"
        },
        {
          "offset": "100E48F",
          "on": "E94D947303",
          "off": "89C1894B20"
        }
      ]
    }
  ],
  "credits": [
    "Rizla+Shiningami"
  ]
}