{
  "name": "Assassin’s Creed® Chronicles: Trilogy Pack",
  "id": "CUSA03440",
  "version": "01.00",
  "process": "eboot.bin",
  "mods": [
    {
      "name": "Infinite Health",
      "type": "checkbox",
      "memory": [
        {
          "offset": "962C7C",
          "on": "90909090",
          "off": "440F4DF6"
        }
      ]
    },
    {
      "name": "Infinite Health / Easy Kill",
      "type": "checkbox",
      "memory": [
        {
          "offset": "26BE440",
          "on": "803B007415C5FA109B600C0000C5FA119B640C0000E946C949FEC783640C000000000000E937C949FE",
          "off": "0000000000000000000000000000000000000000000000000000000000000000000000000000000000"
        },
        {
          "offset": "B5AD98",
          "on": "E9A336B601909090",
          "off": "C5FA119B640C0000"
        }
      ]
    },
    {
      "name": "Infinite Helix",
      "type": "checkbox",
      "memory": [
        {
          "offset": "26BE470",
          "on": "C4C17A1087F8000000C4C17A1187F0000000E95FD530FE",
          "off": "0000000000000000000000000000000000000000000000"
        },
        {
          "offset": "9CB9DD",
          "on": "E98E2ACF0190909090",
          "off": "C4C17A1187F0000000"
        }
      ]
    },
    {
      "name": "Infinite Throwables",
      "type": "checkbox",
      "memory": [
        {
          "offset": "26BE4D0",
          "on": "C683F00000000FE9AB472AFE",
          "off": "000000000000000000000000"
        },
        {
          "offset": "962C80",
          "on": "E94BB8D5019090",
          "off": "4489B3F0000000"
        }
      ]
    }
  ],
  "credits": [
    "Saso"
  ]
}