{
  "name": "Styx: Shards of Darkness",
  "id": "CUSA03877",
  "version": "01.00",
  "process": "eboot.bin",
  "mods": [
    {
      "name": "Godmode",
      "hint": null,
      "type": "checkbox",
      "memory": [
        {
          "offset": "6B01B4",
          "on": "9090909090909090",
          "off": "C5FA1187DC030000"
        }
      ]
    },
    {
      "name": "Infinite Skillbar",
      "hint": null,
      "type": "checkbox",
      "memory": [
        {
          "offset": "6B01D4",
          "on": "9090909090909090",
          "off": "C5FA1187E0030000"
        }
      ]
    },
    {
      "name": "Infinite Items",
      "hint": null,
      "type": "checkbox",
      "memory": [
        {
          "offset": "5E883B",
          "on": "B8E7030000",
          "off": "85C90F49C1"
        }
      ]
    },
    {
      "name": "Infinite Skillpoints/Quarz",
      "hint": null,
      "type": "checkbox",
      "memory": [
        {
          "offset": "6B1301",
          "on": "B8E7030000",
          "off": "4889E58B06"
        },
        {
          "offset": "6B1391",
          "on": "B8E7030000",
          "off": "4889E58B06"
        }
      ]
    }
  ],
  "credits": [
    "Weysincha"
  ]
}