{
  "name": "theHunter: Call of the Wild",
  "id": "CUSA08661",
  "version": "01.33",
  "process": "eboot.bin",
  "mods": [
    {
      "name": "Money (On Spend)",
      "type": "checkbox",
      "memory": [
        {
          "offset": "1928F59",
          "on": "410196B0030000",
          "off": "418996B0030000"
        }
      ]
    },
    {
      "name": "Skill Points (On Spend)",
      "type": "checkbox",
      "memory": [
        {
          "offset": "197E987",
          "on": "018724030000",
          "off": "898724030000"
        }
      ]
    },
    {
      "name": "Perk Points (On Spend)",
      "type": "checkbox",
      "memory": [
        {
          "offset": "197E95D",
          "on": "018F28030000",
          "off": "898F28030000"
        }
      ]
    },
    {
      "name": "Infinite Ammo",
      "type": "checkbox",
      "memory": [
        {
          "offset": "144DF4B",
          "on": "90909090",
          "off": "8974C104"
        }
      ]
    }
  ],
  "credits": [
    "Wander"
  ]
}