{
  "name": "Diablo III: Reaper of Souls – Ultimate Evil Edition",
  "id": "CUSA00433",
  "version": "01.00",
  "process": "eboot.bin",
  "mods": [
    {
      "name": "Infinite Health",
      "type": "checkbox",
      "memory": [
        {
          "offset": "10DAB5B",
          "on": "80BB5401000007751C80BB60010000027513C5FA11835801000090C5FA109358010000EB08C5FA109358010000E95A4331FF",
          "off": "0000000000000000000000000000000000000000000000000000000000000000000000000000000000000000000000000000"
        },
        {
          "offset": "3EEEDF",
          "on": "E977BCCE00909090",
          "off": "C5FA109358010000"
        }
      ]
    },
    {
      "name": "Infinite Fury",
      "type": "checkbox",
      "memory": [
        {
          "offset": "10DAB93",
          "on": "8977104883F80075154881FE8D200000750CC7410C003C1C468B510CEB038B510CE9DDAB41FF",
          "off": "0000000000000000000000000000000000000000000000000000000000000000000000000000"
        },
        {
          "offset": "4F5790",
          "on": "E9FE53BE0090",
          "off": "8977108B510C"
        }
      ]
    },
    {
      "name": "Infinite Wrath",
      "type": "checkbox",
      "memory": [
        {
          "offset": "10DAB93",
          "on": "8977104883F80075154881FE8D700000750CC7410C003C1C468B510CEB038B510CE9DDAB41FF",
          "off": "0000000000000000000000000000000000000000000000000000000000000000000000000000"
        },
        {
          "offset": "4F5790",
          "on": "E9FE53BE0090",
          "off": "8977108B510C"
        }
      ]
    },
    {
      "name": "Infinite Mana (Wizard)",
      "type": "checkbox",
      "memory": [
        {
          "offset": "10DAB93",
          "on": "8977104883F80075154881FE8D100000750CC7410C003C1C468B510CEB038B510CE9DDAB41FF",
          "off": "0000000000000000000000000000000000000000000000000000000000000000000000000000"
        },
        {
          "offset": "4F5790",
          "on": "E9FE53BE0090",
          "off": "8977108B510C"
        }
      ]
    },
    {
      "name": "Infinite Mana (Necro Mancer)",
      "type": "checkbox",
      "memory": [
        {
          "offset": "10DAB93",
          "on": "8977104883F80075154881FE8D000000750CC7410C003C1C468B510CEB038B510CE9DDAB41FF",
          "off": "0000000000000000000000000000000000000000000000000000000000000000000000000000"
        },
        {
          "offset": "4F5790",
          "on": "E9FE53BE0090",
          "off": "8977108B510C"
        }
      ]
    },
    {
      "name": "Infinite Hatred and Discipline",
      "type": "checkbox",
      "memory": [
        {
          "offset": "10DABEA",
          "on": "8977104883F80075144881FE8D500000750BC7410C003C1C468B510C904881FE8D600000750CC7410C003C1C468B510CEB038B510CE972AB41FF",
          "off": "00000000000000000000000000000000000000000000000000000000000000000000000000000000000000000000000000000000000000000000"
        },
        {
          "offset": "4F5790",
          "on": "E95554BE0090",
          "off": "8977108B510C"
        }
      ]
    },
    {
      "name": "Infinite Spirit",
      "type": "checkbox",
      "memory": [
        {
          "offset": "10DAB93",
          "on": "8977104883F80075154881FE8D300000750CC7410C003C1C468B510CEB038B510CE9DDAB41FF",
          "off": "0000000000000000000000000000000000000000000000000000000000000000000000000000"
        },
        {
          "offset": "4F5790",
          "on": "E9FE53BE0090",
          "off": "8977108B510C"
        }
      ]
    },
    {
      "name": "Magic Find (equip any item / single cheat turn off after)",
      "type": "checkbox",
      "memory": [
        {
          "offset": "10DABBF",
          "on": "8977104883F8007514668179083FF0750CC7410C00803B458B510CEB038B510CE9B2AB41FF",
          "off": "00000000000000000000000000000000000000000000000000000000000000000000000000"
        },
        {
          "offset": "4F5790",
          "on": "E92A54BE0090",
          "off": "8977108B510C"
        }
      ]
    }
  ],
  "credits": [
    "d01v_9.00"
  ]
}