{
  "name": "Call of Duty®: Advanced Warfare",
  "id": "CUSA00851",
  "version": "01.00",
  "process": "default_mp.elf",
  "mods": [
    {
      "name": "All Client Infinite Ammo",
      "type": "checkbox",
      "memory": [
        {
          "offset": "1768EF",
          "on": "9090909090",
          "off": "44297C8108"
        }
      ]
    },
    {
      "name": "All Client Godmode",
      "type": "checkbox",
      "memory": [
        {
          "offset": "31389A",
          "on": "90909090909090",
          "off": "4529A7D0010000"
        }
      ]
    }
  ],
  "credits": [
    "DeathRGH"
  ]
}