{
  "name": "The Incredible Adventures of Van Helsing",
  "id": "CUSA04303",
  "version": "01.01",
  "process": "eboot.bin",
  "mods": [
    {
      "name": "Infinite Health",
      "type": "checkbox",
      "memory": [
        {
          "offset": "82E77A0",
          "on": "80BBC400000002750CC7831405000000C07944EB08C5FA118314050000E986235EF9",
          "off": "00000000000000000000000000000000000000000000000000000000000000000000"
        },
        {
          "offset": "18C9B40",
          "on": "E95BDCA106909090",
          "off": "C5FA118314050000"
        }
      ]
    },
    {
      "name": "Infinite Mana",
      "type": "checkbox",
      "memory": [
        {
          "offset": "82E7A90",
          "on": "41C78424440B000000C07944E9F13F56F9",
          "off": "0000000000000000000000000000000000"
        },
        {
          "offset": "184BA88",
          "on": "E903C0A9069090909090",
          "off": "C4C17A119424440B0000"
        }
      ]
    },
    {
      "name": "Infinite Stats skill points (player/Companion)",
      "type": "checkbox",
      "memory": [
        {
          "offset": "82E77D0",
          "on": "C6877C0A000063E9FA1B57F9",
          "off": "000000000000000000000000"
        },
        {
          "offset": "18593D0",
          "on": "E9FBE3A80690",
          "off": "01B77C0A0000"
        }
      ]
    },
    {
      "name": "Infinite Special Attacks skill Points",
      "type": "checkbox",
      "memory": [
        {
          "offset": "82E7A30",
          "on": "41C685780A000063E91B3257F9",
          "off": "00000000000000000000000000"
        },
        {
          "offset": "185AC51",
          "on": "E9DACDA8069090",
          "off": "412985780A0000"
        }
      ]
    },
    {
      "name": "Max Coins (on get)",
      "type": "checkbox",
      "memory": [
        {
          "offset": "82E7770",
          "on": "41C7863C1600003F420F00E9D498DCF8",
          "off": "00000000000000000000000000000000"
        },
        {
          "offset": "10B104D",
          "on": "E91E6723079090",
          "off": "41898E3C160000"
        }
      ]
    },
    {
      "name": "Max Experience",
      "type": "checkbox",
      "memory": [
        {
          "offset": "82E7A60",
          "on": "41C786800A00007F969800E9711157F9",
          "off": "00000000000000000000000000000000"
        },
        {
          "offset": "1858BDA",
          "on": "E981EEA8069090",
          "off": "418986800A0000"
        }
      ]
    }
  ],
  "credits": [
    "Wander FW9.00"
  ]
}