{
  "name": "UMBRELLA CORPS",
  "id": "CUSA03109",
  "version": "01.06",
  "process": "eboot.bin",
  "mods": [
    {
      "name": "Max Ammo",
      "type": "checkbox",
      "memory": [
        {
          "offset": "11ABDB0",
          "on": "41C786F4000000E7030000496386F4000000E94986367F526564646576696C3832202D20465720392E3030",
          "off": "0000000000000000000000000000000000000000000000"
        },
        {
          "offset": "80514409",
          "on": "E9A279C9809090",
          "off": "496386F4000000"
        }
      ]
    },
    {
      "name": "No Reload ( Ammo )",
      "type": "checkbox",
      "memory": [
        {
          "offset": "11ABDDB",
          "on": "496386F0000000E97F080E7F",
          "off": "000000000000000000000000"
        },
        {
          "offset": "8028C65D",
          "on": "E979F7F1809090",
          "off": "496386F0000000"
        }
      ]
    },
    {
      "name": "Max Grenades",
      "type": "checkbox",
      "memory": [
        {
          "offset": "11ABDE7",
          "on": "41C786F00000006300000049638EF0000000E97C28377F",
          "off": "0000000000000000000000000000000000000000000000"
        },
        {
          "offset": "8051E673",
          "on": "E96FD7C8809090",
          "off": "49638EF0000000"
        }
      ]
    }
  ],
  "credits": [
    "Reddevil82 ",
    " FW 9.00"
  ]
}