{
  "name": "Call of Duty®: Modern Warfare® Remastered",
  "id": "CUSA03522",
  "version": "01.13",
  "process": "default.elf",
  "mods": [
    {
      "name": "God Mode",
      "type": "checkbox",
      "memory": [
        {
          "offset": "9EF800",
          "on": "41C7842488010000FF000000418B8424880100004189842484010000E9292F9EFF",
          "off": "000000000000000000000000000000000000000000000000000000000000000000"
        },
        {
          "offset": "3D2742",
          "on": "E9B9D06100909090",
          "off": "418B842484010000"
        }
      ]
    },
    {
      "name": "Infinite Ammo",
      "type": "checkbox",
      "memory": [
        {
          "offset": "6A3FEE",
          "on": "89DB90",
          "off": "295808"
        }
      ]
    },
    {
      "name": "NoReload/InfGrenades/Equipment",
      "type": "checkbox",
      "memory": [
        {
          "offset": "9EF821",
          "on": "B8FF00000089848178040000E9D09DECFF",
          "off": "0000000000000000000000000000000000"
        },
        {
          "offset": "8B95FB",
          "on": "E9216213009090",
          "off": "8B848178040000"
        }
      ]
    }
  ],
  "credits": [
    "Rizla"
  ]
}