{
  "name": "Diablo III: Reaper of Souls – Ultimate Evil Edition",
  "id": "CUSA00434",
  "version": "01.25",
  "process": "eboot.bin",
  "master": {
    "challenged": "yes",
    "memory": [
      {
        "offset": "12D7800",
        "on": "909090909090909090909090909090909090E982FB45FFC7400C00A00C46E976FB45FFC7400C00A00C46E96AFB45FF"
      },
      {
        "offset": "73726D",
        "on": "E98E05BA00"
      }
    ]
  },
  "mods": [
    {
      "name": "God Mode",
      "type": "checkbox",
      "memory": [
        {
          "offset": "12D7800",
          "on": "4181FF73F0FFFF740E",
          "off": "909090909090909090"
        }
      ]
    },
    {
      "name": "Inf Mana",
      "type": "checkbox",
      "memory": [
        {
          "offset": "12D7809",
          "on": "4181F9100100007411",
          "off": "909090909090909090"
        }
      ]
    },
    {
      "name": "Inf Money",
      "type": "checkbox",
      "memory": [
        {
          "offset": "12D782F",
          "on": "4883FE00740A4C8944F708E9D5C02AFFC744F7083F420F00E9C8C02AFF",
          "off": "0000000000000000000000000000000000000000000000000000000000"
        },
        {
          "offset": "58390F",
          "on": "E91B3FD500",
          "off": "4C8944F708"
        }
      ]
    }
  ],
  "credits": [
    "Cosmaty"
  ]
}