{
  "name": "Super Stardust™Ultra VR",
  "id": "CUSA05951",
  "version": "01.00",
  "process": "eboot.bin",
  "mods": [
    {
      "name": "Max bomb (arcade mode)",
      "type": "checkbox",
      "memory": [
        {
          "offset": "6E7800",
          "on": "41C785980000000F270000418B9D98000000E975C5C2FF",
          "off": "0000000000000000000000000000000000000000000000"
        },
        {
          "offset": "313D85",
          "on": "E9763A3D009090",
          "off": "418B9D98000000"
        }
      ]
    },
    {
      "name": "Max Multiplier (arcade mode)",
      "type": "checkbox",
      "memory": [
        {
          "offset": "313AC7",
          "on": "41899D98000000",
          "off": "418B9D98000000"
        }
      ]
    }
  ],
  "credits": [
    "dbzgts"
  ]
}