{
  "name": "COD: Modern Warfare Remastered",
  "id": "CUSA03522",
  "version": "01.13",
  "process": "default_mp.elf",
  "mods": [
    {
      "name": "All Client Infinite Ammo",
      "hint": null,
      "type": "checkbox",
      "memory": [
        {
          "offset": "8AFF2A",
          "on": "90909090",
          "off": "295C8808"
        }
      ]
    },
    {
      "name": "All Client Godmode",
      "hint": null,
      "type": "checkbox",
      "memory": [
        {
          "offset": "A534D6",
          "on": "9090909090909090",
          "off": "45298C24D0010000"
        }
      ]
    }
  ],
  "credits": [
    "DeathRGH"
  ]
}