{
  "name": "Dying Light: The Following – Enhanced Edition",
  "id": "CUSA03991",
  "version": "01.19",
  "process": "eboot.bin",
  "mods": [
    {
      "name": "Infinite Health",
      "type": "checkbox",
      "memory": [
        {
          "offset": "ACF686",
          "on": "C5FA119324120000",
          "off": "C5FA118324120000"
        }
      ]
    },
    {
      "name": "Infinite Ammo",
      "type": "checkbox",
      "memory": [
        {
          "offset": "6296E1",
          "on": "9090909090",
          "off": "E86AB0F200"
        }
      ]
    },
    {
      "name": "Infinite Grappling Stamina",
      "type": "checkbox",
      "memory": [
        {
          "offset": "CADABA",
          "on": "9090909090",
          "off": "C4C17A114640"
        }
      ]
    },
    {
      "name": "Buy To Earn Money",
      "type": "checkbox",
      "memory": [
        {
          "offset": "BFABE9",
          "on": "4401F8",
          "off": "4429F8"
        }
      ]
    },
    {
      "name": "Infinite Items",
      "type": "checkbox",
      "memory": [
        {
          "offset": "6296EB",
          "on": "909090",
          "off": "458937"
        }
      ]
    },
    {
      "name": "Weather Change",
      "type": "checkbox",
      "memory": [
        {
          "offset": "11836FD",
          "on": "C5FA1108",
          "off": "C5FA1100"
        }
      ]
    }
  ],
  "credits": [
    "DEv_ShOoTz"
  ]
}