{
  "name": "Sniper Elite 4",
  "id": "CUSA04099",
  "version": "01.00",
  "process": "eboot.bin",
  "mods": [
    {
      "name": "Infinite Health",
      "type": "checkbox",
      "memory": [
        {
          "offset": "57F437",
          "on": "909090909090",
          "off": "C4C17A114648"
        }
      ]
    },
    {
      "name": "Infinite Stamina",
      "type": "checkbox",
      "memory": [
        {
          "offset": "D00C69",
          "on": "909090909090",
          "off": "C4C17A115710"
        }
      ]
    },
    {
      "name": "Infinite Focus",
      "type": "checkbox",
      "memory": [
        {
          "offset": "D00952",
          "on": "909090909090909090909090",
          "off": "C4C17A114710C4C17A11472C"
        }
      ]
    },
    {
      "name": "Infinite Ammo",
      "type": "checkbox",
      "memory": [
        {
          "offset": "C161F5",
          "on": "909090",
          "off": "894720"
        }
      ]
    },
    {
      "name": "9999 Cash",
      "type": "checkbox",
      "memory": [
        {
          "offset": "13423C4",
          "on": "0F2700",
          "off": "0A0000"
        }
      ]
    }
  ],
  "credits": [
    "x3shakir"
  ]
}