{
  "name": "Darksiders II Deathinitive Edition",
  "id": "CUSA02420",
  "version": "01.02",
  "process": "eboot.bin",
  "mods": [
    {
      "name": "Infinite Health",
      "type": "checkbox",
      "memory": [
        {
          "offset": "7FC5BF00",
          "on": "C5FA1100C5FA1000E929BB8E80",
          "off": "00000000000000000000000000"
        },
        {
          "offset": "547A2B",
          "on": "E9D044717F909090909090",
          "off": "C4C17A5C442420C5FA1100"
        }
      ]
    },
    {
      "name": "Infinite Health/Wrath Bottles Potion",
      "type": "checkbox",
      "memory": [
        {
          "offset": "71D0A9",
          "on": "9090",
          "off": "FF08"
        }
      ]
    },
    {
      "name": "Infinite Wrath",
      "type": "checkbox",
      "memory": [
        {
          "offset": "7FC5BDE0",
          "on": "C7400400007A44E98026B280",
          "off": "000000000000000000000000"
        },
        {
          "offset": "77E467",
          "on": "E974D94D7F",
          "off": "C5FA104004"
        }
      ]
    },
    {
      "name": "Infinite Horse Stamina",
      "type": "checkbox",
      "memory": [
        {
          "offset": "7FC5BF20",
          "on": "8B872C0E0000E9A7C0A980",
          "off": "0000000000000000000000"
        },
        {
          "offset": "6F7FCC",
          "on": "E94F3F567F90",
          "off": "89872C0E0000"
        }
      ]
    },
    {
      "name": "Infinite Reaper Power",
      "type": "checkbox",
      "memory": [
        {
          "offset": "7FC5BF70",
          "on": "C7430800009643E9A3338080",
          "off": "000000000000000000000000"
        },
        {
          "offset": "45F31A",
          "on": "E951CC7F7F",
          "off": "C5FA114308"
        }
      ]
    },
    {
      "name": "Infinite Bullets",
      "type": "checkbox",
      "memory": [
        {
          "offset": "7FC5BE30",
          "on": "418B8424CC030000E99017B180",
          "off": "00000000000000000000000000"
        },
        {
          "offset": "76D5C5",
          "on": "E966E84E7F909090",
          "off": "41FF8C24CC030000"
        }
      ]
    },
    {
      "name": "Max XP",
      "type": "checkbox",
      "memory": [
        {
          "offset": "7FC5BF40",
          "on": "8945C4C743203F420F00E9C2B48F80",
          "off": "000000000000000000000000000000"
        },
        {
          "offset": "55740B",
          "on": "E9304B707F90",
          "off": "8945C4014320"
        }
      ]
    },
    {
      "name": "Max/Infinite Skill Points",
      "type": "checkbox",
      "memory": [
        {
          "offset": "7FC5BF90",
          "on": "0F84C3AF8F80C6434463E9C0AF8F80",
          "off": "000000000000000000000000000000"
        },
        {
          "offset": "556F59",
          "on": "E93250707F90",
          "off": "740444897344"
        }
      ]
    },
    {
      "name": "Lot Of Money On Gain (Disable After Use)",
      "type": "checkbox",
      "memory": [
        {
          "offset": "551CB0",
          "on": "897B3090",
          "off": "44016330"
        }
      ]
    },
    {
      "name": "Lot Of Boatman Coins (Disable After Use)",
      "type": "checkbox",
      "memory": [
        {
          "offset": "7FC5BDA0",
          "on": "488B88F80D0000894130E9D0689480",
          "off": "000000000000000000000000000000"
        },
        {
          "offset": "5A2675",
          "on": "E926976B7F9090909090",
          "off": "488B88F80D0000015930"
        }
      ]
    }
  ],
  "credits": [
    "Celogamez"
  ]
}