{
  "name": "Indivisible",
  "id": "CUSA07000",
  "version": "01.11",
  "process": "eboot.bin",
  "mods": [
    {
      "name": "Infinite Health",
      "type": "checkbox",
      "memory": [
        {
          "offset": "7FC5F120",
          "on": "4180BE7407000000750D41C786D801000000006144EB09C4C17A1186D8010000E967356780",
          "off": "00000000000000000000000000000000000000000000000000000000000000000000000000"
        },
        {
          "offset": "2D26A3",
          "on": "E978CA987F90909090",
          "off": "C4C17A1186D8010000"
        }
      ]
    },
    {
      "name": "Crystal Multiplier (on gain have 2)",
      "type": "checkbox",
      "memory": [
        {
          "offset": "405F5B",
          "on": "440138",
          "off": "448938"
        }
      ]
    }
  ],
  "credits": [
    "wander FW9.00"
  ]
}