{
  "name": "GOD EATER 2 RAGE BURST",
  "id": "CUSA03370",
  "version": "01.00",
  "process": "eboot.bin",
  "mods": [
    {
      "name": "Godmode",
      "hint": null,
      "type": "checkbox",
      "memory": [
        {
          "offset": "8091DF02",
          "on": "90909090",
          "off": "C5FA1100"
        }
      ]
    },
    {
      "name": "Infinite Stamina",
      "hint": null,
      "type": "checkbox",
      "memory": [
        {
          "offset": "8091E672",
          "on": "9090909090",
          "off": "C5FA114008"
        }
      ]
    },
    {
      "name": "Infinite OP",
      "hint": null,
      "type": "checkbox",
      "memory": [
        {
          "offset": "8091E302",
          "on": "9090909090",
          "off": "C5FA114004"
        }
      ]
    },
    {
      "name": "Max Money",
      "hint": null,
      "type": "button",
      "memory": [
        {
          "offset": "8090636E",
          "on": "48C7C07F969800909090",
          "off": "48C7C07F969800909090"
        }
      ]
    }
  ],
  "credits": [
    "Weysincha"
  ]
}