{
  "name": "COD: Infinite Warfare",
  "id": "CUSA05282",
  "version": "01.00",
  "process": "default.elf",
  "mods": [
    {
      "name": "All Client Infinite Ammo",
      "hint": null,
      "type": "checkbox",
      "memory": [
        {
          "offset": "C51DA3",
          "on": "90909090",
          "off": "8954B014"
        }
      ]
    },
    {
      "name": "All Client Godmode",
      "hint": null,
      "type": "checkbox",
      "memory": [
        {
          "offset": "F4CA14",
          "on": "90909090909090",
          "off": "41299EE0010000"
        }
      ]
    },
    {
      "name": "Infinite Jetpack",
      "hint": null,
      "type": "checkbox",
      "memory": [
        {
          "offset": "702301",
          "on": "909090909090",
          "off": "C4C17A110424"
        }
      ]
    },
    {
      "name": "Enable Exo Movement (Player 1)",
      "hint": null,
      "type": "button",
      "memory": [
        {
          "offset": "3D3E934",
          "on": "01",
          "off": "01"
        }
      ]
    },
    {
      "name": "Enable Exo Movement (Player 2)",
      "hint": null,
      "type": "button",
      "memory": [
        {
          "offset": "3D455FC",
          "on": "01",
          "off": "01"
        }
      ]
    },
    {
      "name": "Enable Exo Movement (Player 3)",
      "hint": null,
      "type": "button",
      "memory": [
        {
          "offset": "3D4C2C4",
          "on": "01",
          "off": "01"
        }
      ]
    },
    {
      "name": "Enable Exo Movement (Player 4)",
      "hint": null,
      "type": "button",
      "memory": [
        {
          "offset": "3D52F8C",
          "on": "01",
          "off": "01"
        }
      ]
    }
  ],
  "credits": [
    "DeathRGH"
  ]
}