{
  "name": "Gravity Rush 2",
  "id": "CUSA04943",
  "version": "01.00",
  "process": "eboot.bin",
  "mods": [
    {
      "name": "Godmode",
      "hint": null,
      "type": "checkbox",
      "memory": [
        {
          "offset": "16BB140",
          "on": "90909090909090",
          "off": "41018674010000"
        }
      ]
    },
    {
      "name": "Infinite Gravity",
      "hint": null,
      "type": "checkbox",
      "memory": [
        {
          "offset": "92D7F2",
          "on": "9090909090909090",
          "off": "C5FA1183E0530000"
        }
      ]
    }
  ],
  "credits": [
    "Weysincha"
  ]
}