{
  "name": "Dragon Ball Xenoverse",
  "id": "CUSA01341",
  "version": "01.07",
  "process": "eboot.bin",
  "mods": [
    {
      "name": "Max Zeni on Buy/Sell",
      "type": "checkbox",
      "memory": [
        {
          "offset": "4393800",
          "on": "B9FFC99A3B894F2029C1E90D7B05FC",
          "off": "000000000000000000000000000000"
        },
        {
          "offset": "3EB317",
          "on": "E9E484FA03",
          "off": "894F2029C1"
        }
      ]
    },
    {
      "name": "Max Points on Spend",
      "type": "checkbox",
      "memory": [
        {
          "offset": "439380F",
          "on": "BEE803000089770C89F1E9971405FC",
          "off": "000000000000000000000000000000"
        },
        {
          "offset": "3E4CB0",
          "on": "E95AEBFA03",
          "off": "89770C89F1"
        }
      ]
    },
    {
      "name": "Max LVL/EXP on Gain",
      "type": "checkbox",
      "memory": [
        {
          "offset": "439381E",
          "on": "BEFFC99A3B89770889F1E9581405FC",
          "off": "000000000000000000000000000000"
        },
        {
          "offset": "3E4C80",
          "on": "E999EBFA03",
          "off": "89770889F1"
        }
      ]
    },
    {
      "name": "Max Items on Buy When Refreshed",
      "type": "checkbox",
      "memory": [
        {
          "offset": "4393870",
          "on": "B86300000089461885C9E9732905FC",
          "off": "000000000000000000000000000000"
        },
        {
          "offset": "3E61ED",
          "on": "E97ED6FA03",
          "off": "8B461885C9"
        }
      ]
    },
    {
      "name": "Infinite Health",
      "type": "checkbox",
      "memory": [
        {
          "offset": "439387F",
          "on": "C5FA1081C8000000C5FA1181C4000000E9336C02FC",
          "off": "000000000000000000000000000000000000000000"
        },
        {
          "offset": "3BA4BF",
          "on": "E9BB93FD03909090",
          "off": "C5FA1081C4000000"
        },
        {
          "offset": "43938C0",
          "on": "C4C17A1087C8000000C4C17A1187C4000000E955BDCCFB",
          "off": "0000000000000000000000000000000000000000000000"
        },
        {
          "offset": "5F623",
          "on": "E99842330490909090",
          "off": "C4C17A1087C4000000"
        }
      ]
    },
    {
      "name": "Infinite Ki",
      "type": "checkbox",
      "memory": [
        {
          "offset": "4393842",
          "on": "C4C17A108DD4000000C4C17A118DD0000000E989C4D1FB",
          "off": "0000000000000000000000000000000000000000000000"
        },
        {
          "offset": "AFCD9",
          "on": "E9643B2E0490909090",
          "off": "C4C17A108DD0000000"
        },
        {
          "offset": "43938A9",
          "on": "C4C17A1087D4000000C4C17A1187D0000000E9E9BFCCFB",
          "off": "0000000000000000000000000000000000000000000000"
        },
        {
          "offset": "5F8A0",
          "on": "E90440330490909090",
          "off": "C4C17A1087D0000000"
        }
      ]
    },
    {
      "name": "Max Stamina When Gained",
      "type": "checkbox",
      "memory": [
        {
          "offset": "4393894",
          "on": "C5FA108334010000C5FA118330010000E98F24D1FB",
          "off": "000000000000000000000000000000000000000000"
        },
        {
          "offset": "A5D30",
          "on": "E95FDB2E04909090",
          "off": "C5FA588330010000"
        }
      ]
    },
    {
      "name": "Freeze Timer",
      "type": "checkbox",
      "memory": [
        {
          "offset": "21B1BE",
          "on": "90909090",
          "off": "C5FA1103"
        }
      ]
    }
  ],
  "credits": [
    "Rizla"
  ]
}